"","X1","Team","G","Date","X3","Opponent","X5","X6","Tm","Opp","W","L","Streak","Dates","Binary"
"1",1,"Golden State Warriors",1,"Tue Oct 25 2016","vs","San Antonio Spurs","L",NA,100,129,0,1,"L 1",2016-10-25,0
"2",5,"Golden State Warriors",5,"Thu Nov 3 2016","vs","Oklahoma City Thunder","W",NA,122,96,4,1,"W 4",2016-11-03,1
"3",7,"Golden State Warriors",7,"Mon Nov 7 2016","vs","New Orleans Pelicans","W",NA,116,106,5,2,"W 1",2016-11-07,1
"4",8,"Golden State Warriors",8,"Wed Nov 9 2016","vs","Dallas Mavericks","W",NA,116,95,6,2,"W 2",2016-11-09,1
"5",10,"Golden State Warriors",10,"Sun Nov 13 2016","vs","Phoenix Suns","W",NA,133,120,8,2,"W 4",2016-11-13,1
"6",15,"Golden State Warriors",15,"Wed Nov 23 2016","vs","Los Angeles Lakers","W",NA,149,106,13,2,"W 9",2016-11-23,1
"7",17,"Golden State Warriors",17,"Sat Nov 26 2016","vs","Minnesota Timberwolves","W",NA,115,102,15,2,"W 11",2016-11-26,1
"8",18,"Golden State Warriors",18,"Mon Nov 28 2016","vs","Atlanta Hawks","W",NA,105,100,16,2,"W 12",2016-11-28,1
"9",19,"Golden State Warriors",19,"Thu Dec 1 2016","vs","Houston Rockets","L","2OT",127,132,16,3,"L 1",2016-12-01,0
"10",20,"Golden State Warriors",20,"Sat Dec 3 2016","vs","Phoenix Suns","W",NA,138,109,17,3,"W 1",2016-12-03,1
"11",21,"Golden State Warriors",21,"Mon Dec 5 2016","vs","Indiana Pacers","W",NA,142,106,18,3,"W 2",2016-12-05,1
"12",27,"Golden State Warriors",27,"Thu Dec 15 2016","vs","New York Knicks","W",NA,103,90,23,4,"W 3",2016-12-15,1
"13",28,"Golden State Warriors",28,"Sat Dec 17 2016","vs","Portland Trail Blazers","W",NA,135,90,24,4,"W 4",2016-12-17,1
"14",29,"Golden State Warriors",29,"Tue Dec 20 2016","vs","Utah Jazz","W",NA,104,74,25,4,"W 5",2016-12-20,1
"15",33,"Golden State Warriors",33,"Wed Dec 28 2016","vs","Toronto Raptors","W",NA,121,111,28,5,"W 1",2016-12-28,1
"16",34,"Golden State Warriors",34,"Fri Dec 30 2016","vs","Dallas Mavericks","W",NA,108,99,29,5,"W 2",2016-12-30,1
"17",35,"Golden State Warriors",35,"Mon Jan 2 2017","vs","Denver Nuggets","W",NA,127,119,30,5,"W 3",2017-01-02,1
"18",36,"Golden State Warriors",36,"Wed Jan 4 2017","vs","Portland Trail Blazers","W",NA,125,117,31,5,"W 4",2017-01-04,1
"19",37,"Golden State Warriors",37,"Fri Jan 6 2017","vs","Memphis Grizzlies","L","OT",119,128,31,6,"L 1",2017-01-06,0
"20",39,"Golden State Warriors",39,"Tue Jan 10 2017","vs","Miami Heat","W",NA,107,95,33,6,"W 2",2017-01-10,1
"21",40,"Golden State Warriors",40,"Thu Jan 12 2017","vs","Detroit Pistons","W",NA,127,107,34,6,"W 3",2017-01-12,1
"22",41,"Golden State Warriors",41,"Mon Jan 16 2017","vs","Cleveland Cavaliers","W",NA,126,91,35,6,"W 4",2017-01-16,1
"23",42,"Golden State Warriors",42,"Wed Jan 18 2017","vs","Oklahoma City Thunder","W",NA,121,100,36,6,"W 5",2017-01-18,1
"24",47,"Golden State Warriors",47,"Sat Jan 28 2017","vs","Los Angeles Clippers","W",NA,144,98,40,7,"W 2",2017-01-28,1
"25",49,"Golden State Warriors",49,"Wed Feb 1 2017","vs","Charlotte Hornets","W",NA,126,111,42,7,"W 4",2017-02-01,1
"26",52,"Golden State Warriors",52,"Wed Feb 8 2017","vs","Chicago Bulls","W",NA,123,92,44,8,"W 1",2017-02-08,1
"27",56,"Golden State Warriors",56,"Wed Feb 15 2017","vs","Sacramento Kings","W",NA,109,86,47,9,"W 1",2017-02-15,1
"28",57,"Golden State Warriors",57,"Thu Feb 23 2017","vs","Los Angeles Clippers","W",NA,123,113,48,9,"W 2",2017-02-23,1
"29",58,"Golden State Warriors",58,"Sat Feb 25 2017","vs","Brooklyn Nets","W",NA,112,95,49,9,"W 3",2017-02-25,1
"30",64,"Golden State Warriors",64,"Wed Mar 8 2017","vs","Boston Celtics","L",NA,86,99,52,12,"L 1",2017-03-08,0
"31",67,"Golden State Warriors",67,"Tue Mar 14 2017","vs","Philadelphia 76ers","W",NA,106,104,53,14,"W 1",2017-03-14,1
"32",68,"Golden State Warriors",68,"Thu Mar 16 2017","vs","Orlando Magic","W",NA,122,92,54,14,"W 2",2017-03-16,1
"33",69,"Golden State Warriors",69,"Sat Mar 18 2017","vs","Milwaukee Bucks","W",NA,117,92,55,14,"W 3",2017-03-18,1
"34",72,"Golden State Warriors",72,"Fri Mar 24 2017","vs","Sacramento Kings","W",NA,114,100,58,14,"W 6",2017-03-24,1
"35",73,"Golden State Warriors",73,"Sun Mar 26 2017","vs","Memphis Grizzlies","W",NA,106,94,59,14,"W 7",2017-03-26,1
"36",76,"Golden State Warriors",76,"Fri Mar 31 2017","vs","Houston Rockets","W",NA,107,98,62,14,"W 10",2017-03-31,1
"37",77,"Golden State Warriors",77,"Sun Apr 2 2017","vs","Washington Wizards","W",NA,139,115,63,14,"W 11",2017-04-02,1
"38",78,"Golden State Warriors",78,"Tue Apr 4 2017","vs","Minnesota Timberwolves","W",NA,121,107,64,14,"W 12",2017-04-04,1
"39",80,"Golden State Warriors",80,"Sat Apr 8 2017","vs","New Orleans Pelicans","W",NA,123,101,66,14,"W 14",2017-04-08,1
"40",81,"Golden State Warriors",81,"Mon Apr 10 2017","vs","Utah Jazz","L",NA,99,105,66,15,"L 1",2017-04-10,0
"41",82,"Golden State Warriors",82,"Wed Apr 12 2017","vs","Los Angeles Lakers","W",NA,109,94,67,15,"W 1",2017-04-12,1
"42",85,"San Antonio Spurs",3,"Sat Oct 29 2016","vs","New Orleans Pelicans","W",NA,98,79,3,0,"W 3",2016-10-29,1
"43",87,"San Antonio Spurs",5,"Tue Nov 1 2016","vs","Utah Jazz","L",NA,91,106,4,1,"L 1",2016-11-01,0
"44",89,"San Antonio Spurs",7,"Sat Nov 5 2016","vs","Los Angeles Clippers","L",NA,92,116,5,2,"L 1",2016-11-05,0
"45",90,"San Antonio Spurs",8,"Wed Nov 9 2016","vs","Houston Rockets","L",NA,99,101,5,3,"L 2",2016-11-09,0
"46",91,"San Antonio Spurs",9,"Fri Nov 11 2016","vs","Detroit Pistons","W",NA,96,86,6,3,"W 1",2016-11-11,1
"47",93,"San Antonio Spurs",11,"Mon Nov 14 2016","vs","Miami Heat","W",NA,94,90,8,3,"W 3",2016-11-14,1
"48",96,"San Antonio Spurs",14,"Mon Nov 21 2016","vs","Dallas Mavericks","W",NA,96,91,11,3,"W 6",2016-11-21,1
"49",100,"San Antonio Spurs",18,"Tue Nov 29 2016","vs","Orlando Magic","L",NA,83,95,14,4,"L 1",2016-11-29,0
"50",102,"San Antonio Spurs",20,"Fri Dec 2 2016","vs","Washington Wizards","W",NA,107,105,16,4,"W 2",2016-12-02,1
"51",106,"San Antonio Spurs",24,"Sat Dec 10 2016","vs","Brooklyn Nets","W",NA,130,101,19,5,"W 1",2016-12-10,1
"52",107,"San Antonio Spurs",25,"Wed Dec 14 2016","vs","Boston Celtics","W",NA,108,101,20,5,"W 2",2016-12-14,1
"53",109,"San Antonio Spurs",27,"Sun Dec 18 2016","vs","New Orleans Pelicans","W",NA,113,100,22,5,"W 4",2016-12-18,1
"54",113,"San Antonio Spurs",31,"Sun Dec 25 2016","vs","Chicago Bulls","W",NA,119,100,25,6,"W 2",2016-12-25,1
"55",114,"San Antonio Spurs",32,"Wed Dec 28 2016","vs","Phoenix Suns","W",NA,119,98,26,6,"W 3",2016-12-28,1
"56",115,"San Antonio Spurs",33,"Fri Dec 30 2016","vs","Portland Trail Blazers","W",NA,110,94,27,6,"W 4",2016-12-30,1
"57",117,"San Antonio Spurs",35,"Tue Jan 3 2017","vs","Toronto Raptors","W",NA,110,82,28,7,"W 1",2017-01-03,1
"58",119,"San Antonio Spurs",37,"Sat Jan 7 2017","vs","Charlotte Hornets","W",NA,102,85,30,7,"W 3",2017-01-07,1
"59",120,"San Antonio Spurs",38,"Tue Jan 10 2017","vs","Milwaukee Bucks","L",NA,107,109,30,8,"L 1",2017-01-10,0
"60",121,"San Antonio Spurs",39,"Thu Jan 12 2017","vs","Los Angeles Lakers","W",NA,134,94,31,8,"W 1",2017-01-12,1
"61",123,"San Antonio Spurs",41,"Tue Jan 17 2017","vs","Minnesota Timberwolves","W",NA,122,114,32,9,"W 1",2017-01-17,1
"62",124,"San Antonio Spurs",42,"Thu Jan 19 2017","vs","Denver Nuggets","W",NA,118,104,33,9,"W 2",2017-01-19,1
"63",129,"San Antonio Spurs",47,"Sun Jan 29 2017","vs","Dallas Mavericks","L",NA,101,105,36,11,"L 2",2017-01-29,0
"64",130,"San Antonio Spurs",48,"Tue Jan 31 2017","vs","Oklahoma City Thunder","W",NA,108,94,37,11,"W 1",2017-01-31,1
"65",131,"San Antonio Spurs",49,"Thu Feb 2 2017","vs","Philadelphia 76ers","W",NA,102,86,38,11,"W 2",2017-02-02,1
"66",132,"San Antonio Spurs",50,"Sat Feb 4 2017","vs","Denver Nuggets","W",NA,121,97,39,11,"W 3",2017-02-04,1
"67",141,"San Antonio Spurs",59,"Wed Mar 1 2017","vs","Indiana Pacers","W",NA,100,99,46,13,"W 5",2017-03-01,1
"68",143,"San Antonio Spurs",61,"Sat Mar 4 2017","vs","Minnesota Timberwolves","W","OT",97,90,48,13,"W 7",2017-03-04,1
"69",144,"San Antonio Spurs",62,"Mon Mar 6 2017","vs","Houston Rockets","W",NA,112,110,49,13,"W 8",2017-03-06,1
"70",145,"San Antonio Spurs",63,"Wed Mar 8 2017","vs","Sacramento Kings","W",NA,114,104,50,13,"W 9",2017-03-08,1
"71",147,"San Antonio Spurs",65,"Sat Mar 11 2017","vs","Golden State Warriors","W",NA,107,85,51,14,"W 1",2017-03-11,1
"72",148,"San Antonio Spurs",66,"Mon Mar 13 2017","vs","Atlanta Hawks","W",NA,107,99,52,14,"W 2",2017-03-13,1
"73",149,"San Antonio Spurs",67,"Wed Mar 15 2017","vs","Portland Trail Blazers","L",NA,106,110,52,15,"L 1",2017-03-15,0
"74",151,"San Antonio Spurs",69,"Sun Mar 19 2017","vs","Sacramento Kings","W",NA,118,102,53,16,"W 1",2017-03-19,1
"75",153,"San Antonio Spurs",71,"Thu Mar 23 2017","vs","Memphis Grizzlies","W",NA,97,90,55,16,"W 3",2017-03-23,1
"76",154,"San Antonio Spurs",72,"Sat Mar 25 2017","vs","New York Knicks","W",NA,106,98,56,16,"W 4",2017-03-25,1
"77",155,"San Antonio Spurs",73,"Mon Mar 27 2017","vs","Cleveland Cavaliers","W",NA,103,74,57,16,"W 5",2017-03-27,1
"78",156,"San Antonio Spurs",74,"Wed Mar 29 2017","vs","Golden State Warriors","L",NA,98,110,57,17,"L 1",2017-03-29,0
"79",158,"San Antonio Spurs",76,"Sun Apr 2 2017","vs","Utah Jazz","W",NA,109,103,59,17,"W 2",2017-04-02,1
"80",159,"San Antonio Spurs",77,"Tue Apr 4 2017","vs","Memphis Grizzlies","W","OT",95,89,60,17,"W 3",2017-04-04,1
"81",160,"San Antonio Spurs",78,"Wed Apr 5 2017","vs","Los Angeles Lakers","L",NA,95,102,60,18,"L 1",2017-04-05,0
"82",162,"San Antonio Spurs",80,"Sat Apr 8 2017","vs","Los Angeles Clippers","L",NA,87,98,61,19,"L 1",2017-04-08,0
"83",167,"Houston Rockets",3,"Sun Oct 30 2016","vs","Dallas Mavericks","W",NA,93,92,2,1,"W 2",2016-10-30,1
"84",173,"Houston Rockets",9,"Sat Nov 12 2016","vs","San Antonio Spurs","L",NA,100,106,5,4,"L 1",2016-11-12,0
"85",174,"Houston Rockets",10,"Mon Nov 14 2016","vs","Philadelphia 76ers","W",NA,115,88,6,4,"W 1",2016-11-14,1
"86",176,"Houston Rockets",12,"Thu Nov 17 2016","vs","Portland Trail Blazers","W",NA,126,109,7,5,"W 1",2016-11-17,1
"87",177,"Houston Rockets",13,"Sat Nov 19 2016","vs","Utah Jazz","W",NA,111,102,8,5,"W 2",2016-11-19,1
"88",179,"Houston Rockets",15,"Wed Nov 23 2016","vs","Toronto Raptors","L",NA,102,115,9,6,"L 1",2016-11-23,0
"89",185,"Houston Rockets",21,"Mon Dec 5 2016","vs","Boston Celtics","W",NA,107,106,14,7,"W 3",2016-12-05,1
"90",186,"Houston Rockets",22,"Wed Dec 7 2016","vs","Los Angeles Lakers","W",NA,134,95,15,7,"W 4",2016-12-07,1
"91",188,"Houston Rockets",24,"Sat Dec 10 2016","vs","Dallas Mavericks","W",NA,109,87,17,7,"W 6",2016-12-10,1
"92",189,"Houston Rockets",25,"Mon Dec 12 2016","vs","Brooklyn Nets","W",NA,122,118,18,7,"W 7",2016-12-12,1
"93",190,"Houston Rockets",26,"Wed Dec 14 2016","vs","Sacramento Kings","W",NA,132,98,19,7,"W 8",2016-12-14,1
"94",191,"Houston Rockets",27,"Fri Dec 16 2016","vs","New Orleans Pelicans","W",NA,122,100,20,7,"W 9",2016-12-16,1
"95",193,"Houston Rockets",29,"Tue Dec 20 2016","vs","San Antonio Spurs","L",NA,100,102,21,8,"L 1",2016-12-20,0
"96",196,"Houston Rockets",32,"Mon Dec 26 2016","vs","Phoenix Suns","W",NA,131,115,23,9,"W 1",2016-12-26,1
"97",198,"Houston Rockets",34,"Fri Dec 30 2016","vs","Los Angeles Clippers","W",NA,140,116,25,9,"W 3",2016-12-30,1
"98",199,"Houston Rockets",35,"Sat Dec 31 2016","vs","New York Knicks","W",NA,129,122,26,9,"W 4",2016-12-31,1
"99",200,"Houston Rockets",36,"Mon Jan 2 2017","vs","Washington Wizards","W",NA,101,91,27,9,"W 5",2017-01-02,1
"100",201,"Houston Rockets",37,"Thu Jan 5 2017","vs","Oklahoma City Thunder","W",NA,118,116,28,9,"W 6",2017-01-05,1
"101",204,"Houston Rockets",40,"Tue Jan 10 2017","vs","Charlotte Hornets","W",NA,121,114,31,9,"W 9",2017-01-10,1
"102",206,"Houston Rockets",42,"Fri Jan 13 2017","vs","Memphis Grizzlies","L",NA,105,110,31,11,"L 2",2017-01-13,0
"103",209,"Houston Rockets",45,"Wed Jan 18 2017","vs","Milwaukee Bucks","W",NA,111,92,33,12,"W 1",2017-01-18,1
"104",210,"Houston Rockets",46,"Fri Jan 20 2017","vs","Golden State Warriors","L",NA,108,125,33,13,"L 1",2017-01-20,0
"105",216,"Houston Rockets",52,"Tue Jan 31 2017","vs","Sacramento Kings","W",NA,105,83,36,16,"W 1",2017-01-31,1
"106",217,"Houston Rockets",53,"Thu Feb 2 2017","vs","Atlanta Hawks","L",NA,108,113,36,17,"L 1",2017-02-02,0
"107",218,"Houston Rockets",54,"Fri Feb 3 2017","vs","Chicago Bulls","W","OT",121,117,37,17,"W 1",2017-02-03,1
"108",219,"Houston Rockets",55,"Tue Feb 7 2017","vs","Orlando Magic","W",NA,128,104,38,17,"W 2",2017-02-07,1
"109",221,"Houston Rockets",57,"Sat Feb 11 2017","vs","Phoenix Suns","W",NA,133,102,40,17,"W 4",2017-02-11,1
"110",222,"Houston Rockets",58,"Wed Feb 15 2017","vs","Miami Heat","L",NA,109,117,40,18,"L 1",2017-02-15,0
"111",224,"Houston Rockets",60,"Sat Feb 25 2017","vs","Minnesota Timberwolves","W",NA,142,130,42,18,"W 2",2017-02-25,1
"112",225,"Houston Rockets",61,"Mon Feb 27 2017","vs","Indiana Pacers","L",NA,108,117,42,19,"L 1",2017-02-27,0
"113",227,"Houston Rockets",63,"Sat Mar 4 2017","vs","Memphis Grizzlies","W",NA,123,108,44,19,"W 2",2017-03-04,1
"114",229,"Houston Rockets",65,"Wed Mar 8 2017","vs","Utah Jazz","L",NA,108,115,44,21,"L 2",2017-03-08,0
"115",231,"Houston Rockets",67,"Sun Mar 12 2017","vs","Cleveland Cavaliers","W",NA,117,112,46,21,"W 2",2017-03-12,1
"116",232,"Houston Rockets",68,"Wed Mar 15 2017","vs","Los Angeles Lakers","W",NA,139,100,47,21,"W 3",2017-03-15,1
"117",235,"Houston Rockets",71,"Mon Mar 20 2017","vs","Denver Nuggets","W",NA,125,124,49,22,"W 2",2017-03-20,1
"118",236,"Houston Rockets",72,"Fri Mar 24 2017","vs","New Orleans Pelicans","W",NA,117,107,50,22,"W 3",2017-03-24,1
"119",237,"Houston Rockets",73,"Sun Mar 26 2017","vs","Oklahoma City Thunder","W",NA,137,125,51,22,"W 4",2017-03-26,1
"120",238,"Houston Rockets",74,"Tue Mar 28 2017","vs","Golden State Warriors","L",NA,106,113,51,23,"L 1",2017-03-28,0
"121",242,"Houston Rockets",78,"Wed Apr 5 2017","vs","Denver Nuggets","W",NA,110,104,53,25,"W 2",2017-04-05,1
"122",243,"Houston Rockets",79,"Fri Apr 7 2017","vs","Detroit Pistons","L",NA,109,114,53,26,"L 1",2017-04-07,0
"123",246,"Houston Rockets",82,"Wed Apr 12 2017","vs","Minnesota Timberwolves","W",NA,123,118,55,27,"W 1",2017-04-12,1
"124",248,"Utah Jazz",2,"Fri Oct 28 2016","vs","Los Angeles Lakers","W",NA,96,89,1,1,"W 1",2016-10-28,1
"125",251,"Utah Jazz",5,"Wed Nov 2 2016","vs","Dallas Mavericks","W",NA,97,81,3,2,"W 2",2016-11-02,1
"126",252,"Utah Jazz",6,"Fri Nov 4 2016","vs","San Antonio Spurs","L",NA,86,100,3,3,"L 1",2016-11-04,0
"127",258,"Utah Jazz",12,"Mon Nov 14 2016","vs","Memphis Grizzlies","L",NA,96,102,7,5,"L 1",2016-11-14,0
"128",259,"Utah Jazz",13,"Thu Nov 17 2016","vs","Chicago Bulls","L",NA,77,85,7,6,"L 2",2016-11-17,0
"129",262,"Utah Jazz",16,"Wed Nov 23 2016","vs","Denver Nuggets","W",NA,108,83,8,8,"W 1",2016-11-23,1
"130",263,"Utah Jazz",17,"Fri Nov 25 2016","vs","Atlanta Hawks","W",NA,95,68,9,8,"W 2",2016-11-25,1
"131",265,"Utah Jazz",19,"Tue Nov 29 2016","vs","Houston Rockets","W",NA,120,101,11,8,"W 4",2016-11-29,1
"132",266,"Utah Jazz",20,"Thu Dec 1 2016","vs","Miami Heat","L",NA,110,111,11,9,"L 1",2016-12-01,0
"133",267,"Utah Jazz",21,"Sat Dec 3 2016","vs","Denver Nuggets","W",NA,105,98,12,9,"W 1",2016-12-03,1
"134",269,"Utah Jazz",23,"Tue Dec 6 2016","vs","Phoenix Suns","W",NA,112,105,14,9,"W 3",2016-12-06,1
"135",270,"Utah Jazz",24,"Thu Dec 8 2016","vs","Golden State Warriors","L",NA,99,106,14,10,"L 1",2016-12-08,0
"136",271,"Utah Jazz",25,"Sat Dec 10 2016","vs","Sacramento Kings","W",NA,104,84,15,10,"W 1",2016-12-10,1
"137",272,"Utah Jazz",26,"Wed Dec 14 2016","vs","Oklahoma City Thunder","W",NA,109,89,16,10,"W 2",2016-12-14,1
"138",273,"Utah Jazz",27,"Fri Dec 16 2016","vs","Dallas Mavericks","W",NA,103,100,17,10,"W 3",2016-12-16,1
"139",276,"Utah Jazz",30,"Wed Dec 21 2016","vs","Sacramento Kings","L",NA,93,94,18,12,"L 2",2016-12-21,0
"140",277,"Utah Jazz",31,"Fri Dec 23 2016","vs","Toronto Raptors","L",NA,98,104,18,13,"L 3",2016-12-23,0
"141",279,"Utah Jazz",33,"Thu Dec 29 2016","vs","Philadelphia 76ers","W",NA,100,83,20,13,"W 2",2016-12-29,1
"142",280,"Utah Jazz",34,"Sat Dec 31 2016","vs","Phoenix Suns","W",NA,91,86,21,13,"W 3",2016-12-31,1
"143",286,"Utah Jazz",40,"Tue Jan 10 2017","vs","Cleveland Cavaliers","W",NA,100,92,24,16,"W 1",2017-01-10,1
"144",287,"Utah Jazz",41,"Fri Jan 13 2017","vs","Detroit Pistons","W",NA,110,77,25,16,"W 2",2017-01-13,1
"145",288,"Utah Jazz",42,"Sat Jan 14 2017","vs","Orlando Magic","W",NA,114,107,26,16,"W 3",2017-01-14,1
"146",291,"Utah Jazz",45,"Sat Jan 21 2017","vs","Indiana Pacers","W",NA,109,100,29,16,"W 6",2017-01-21,1
"147",292,"Utah Jazz",46,"Mon Jan 23 2017","vs","Oklahoma City Thunder","L",NA,95,97,29,17,"L 1",2017-01-23,0
"148",294,"Utah Jazz",48,"Thu Jan 26 2017","vs","Los Angeles Lakers","W",NA,96,88,30,18,"W 1",2017-01-26,1
"149",295,"Utah Jazz",49,"Sat Jan 28 2017","vs","Memphis Grizzlies","L",NA,95,102,30,19,"L 1",2017-01-28,0
"150",296,"Utah Jazz",50,"Wed Feb 1 2017","vs","Milwaukee Bucks","W",NA,104,88,31,19,"W 1",2017-02-01,1
"151",297,"Utah Jazz",51,"Sat Feb 4 2017","vs","Charlotte Hornets","W",NA,105,98,32,19,"W 2",2017-02-04,1
"152",301,"Utah Jazz",55,"Sat Feb 11 2017","vs","Boston Celtics","L",NA,104,112,34,21,"L 2",2017-02-11,0
"153",302,"Utah Jazz",56,"Mon Feb 13 2017","vs","Los Angeles Clippers","L",NA,72,88,34,22,"L 3",2017-02-13,0
"154",303,"Utah Jazz",57,"Wed Feb 15 2017","vs","Portland Trail Blazers","W",NA,111,88,35,22,"W 1",2017-02-15,1
"155",307,"Utah Jazz",61,"Wed Mar 1 2017","vs","Minnesota Timberwolves","L",NA,80,107,37,24,"L 2",2017-03-01,0
"156",308,"Utah Jazz",62,"Fri Mar 3 2017","vs","Brooklyn Nets","W",NA,112,97,38,24,"W 1",2017-03-03,1
"157",310,"Utah Jazz",64,"Mon Mar 6 2017","vs","New Orleans Pelicans","W",NA,88,83,40,24,"W 3",2017-03-06,1
"158",313,"Utah Jazz",67,"Mon Mar 13 2017","vs","Los Angeles Clippers","W",NA,114,108,42,25,"W 1",2017-03-13,1
"159",318,"Utah Jazz",72,"Wed Mar 22 2017","vs","New York Knicks","W",NA,108,101,44,28,"W 1",2017-03-22,1
"160",320,"Utah Jazz",74,"Mon Mar 27 2017","vs","New Orleans Pelicans","W",NA,108,100,45,29,"W 1",2017-03-27,1
"161",322,"Utah Jazz",76,"Fri Mar 31 2017","vs","Washington Wizards","W",NA,95,88,47,29,"W 3",2017-03-31,1
"162",324,"Utah Jazz",78,"Tue Apr 4 2017","vs","Portland Trail Blazers","W",NA,106,87,48,30,"W 1",2017-04-04,1
"163",325,"Utah Jazz",79,"Fri Apr 7 2017","vs","Minnesota Timberwolves","W",NA,120,113,49,30,"W 2",2017-04-07,1
"164",328,"Utah Jazz",82,"Wed Apr 12 2017","vs","San Antonio Spurs","W",NA,101,97,51,31,"W 2",2017-04-12,1
"165",330,"Los Angeles Clippers",2,"Sun Oct 30 2016","vs","Utah Jazz","W",NA,88,75,2,0,"W 2",2016-10-30,1
"166",331,"Los Angeles Clippers",3,"Mon Oct 31 2016","vs","Phoenix Suns","W",NA,116,98,3,0,"W 3",2016-10-31,1
"167",332,"Los Angeles Clippers",4,"Wed Nov 2 2016","vs","Oklahoma City Thunder","L",NA,83,85,3,1,"L 1",2016-11-02,0
"168",335,"Los Angeles Clippers",7,"Mon Nov 7 2016","vs","Detroit Pistons","W",NA,114,82,6,1,"W 3",2016-11-07,1
"169",336,"Los Angeles Clippers",8,"Wed Nov 9 2016","vs","Portland Trail Blazers","W",NA,111,80,7,1,"W 4",2016-11-09,1
"170",339,"Los Angeles Clippers",11,"Mon Nov 14 2016","vs","Brooklyn Nets","W",NA,127,95,10,1,"W 7",2016-11-14,1
"171",340,"Los Angeles Clippers",12,"Wed Nov 16 2016","vs","Memphis Grizzlies","L",NA,107,111,10,2,"L 1",2016-11-16,0
"172",342,"Los Angeles Clippers",14,"Sat Nov 19 2016","vs","Chicago Bulls","W",NA,102,95,12,2,"W 2",2016-11-19,1
"173",343,"Los Angeles Clippers",15,"Mon Nov 21 2016","vs","Toronto Raptors","W",NA,123,115,13,2,"W 3",2016-11-21,1
"174",350,"Los Angeles Clippers",22,"Sun Dec 4 2016","vs","Indiana Pacers","L",NA,102,111,16,6,"L 1",2016-12-04,0
"175",351,"Los Angeles Clippers",23,"Wed Dec 7 2016","vs","Golden State Warriors","L",NA,98,115,16,7,"L 2",2016-12-07,0
"176",352,"Los Angeles Clippers",24,"Sat Dec 10 2016","vs","New Orleans Pelicans","W",NA,133,105,17,7,"W 1",2016-12-10,1
"177",353,"Los Angeles Clippers",25,"Mon Dec 12 2016","vs","Portland Trail Blazers","W",NA,121,120,18,7,"W 2",2016-12-12,1
"178",357,"Los Angeles Clippers",29,"Tue Dec 20 2016","vs","Denver Nuggets","W",NA,119,102,21,8,"W 1",2016-12-20,1
"179",358,"Los Angeles Clippers",30,"Thu Dec 22 2016","vs","San Antonio Spurs","W",NA,106,101,22,8,"W 2",2016-12-22,1
"180",359,"Los Angeles Clippers",31,"Fri Dec 23 2016","vs","Dallas Mavericks","L",NA,88,90,22,9,"L 1",2016-12-23,0
"181",361,"Los Angeles Clippers",33,"Mon Dec 26 2016","vs","Denver Nuggets","L",NA,102,106,22,11,"L 3",2016-12-26,0
"182",365,"Los Angeles Clippers",37,"Mon Jan 2 2017","vs","Phoenix Suns","W",NA,109,98,23,14,"W 1",2017-01-02,1
"183",366,"Los Angeles Clippers",38,"Wed Jan 4 2017","vs","Memphis Grizzlies","W",NA,115,106,24,14,"W 2",2017-01-04,1
"184",368,"Los Angeles Clippers",40,"Sun Jan 8 2017","vs","Miami Heat","W",NA,98,86,26,14,"W 4",2017-01-08,1
"185",369,"Los Angeles Clippers",41,"Wed Jan 11 2017","vs","Orlando Magic","W",NA,105,96,27,14,"W 5",2017-01-11,1
"186",370,"Los Angeles Clippers",42,"Sat Jan 14 2017","vs","Los Angeles Lakers","W",NA,113,97,28,14,"W 6",2017-01-14,1
"187",371,"Los Angeles Clippers",43,"Mon Jan 16 2017","vs","Oklahoma City Thunder","W",NA,120,98,29,14,"W 7",2017-01-16,1
"188",372,"Los Angeles Clippers",44,"Thu Jan 19 2017","vs","Minnesota Timberwolves","L",NA,101,104,29,15,"L 1",2017-01-19,0
"189",378,"Los Angeles Clippers",50,"Thu Feb 2 2017","vs","Golden State Warriors","L",NA,120,133,31,19,"L 1",2017-02-02,0
"190",384,"Los Angeles Clippers",56,"Wed Feb 15 2017","vs","Atlanta Hawks","W",NA,99,84,35,21,"W 4",2017-02-15,1
"191",386,"Los Angeles Clippers",58,"Fri Feb 24 2017","vs","San Antonio Spurs","L",NA,97,105,35,23,"L 2",2017-02-24,0
"192",387,"Los Angeles Clippers",59,"Sun Feb 26 2017","vs","Charlotte Hornets","W","OT",124,121,36,23,"W 1",2017-02-26,1
"193",388,"Los Angeles Clippers",60,"Wed Mar 1 2017","vs","Houston Rockets","L",NA,103,122,36,24,"L 1",2017-03-01,0
"194",391,"Los Angeles Clippers",63,"Mon Mar 6 2017","vs","Boston Celtics","W",NA,116,102,38,25,"W 2",2017-03-06,1
"195",394,"Los Angeles Clippers",66,"Sat Mar 11 2017","vs","Philadelphia 76ers","W",NA,112,100,40,26,"W 2",2017-03-11,1
"196",396,"Los Angeles Clippers",68,"Wed Mar 15 2017","vs","Milwaukee Bucks","L",NA,96,97,40,28,"L 2",2017-03-15,0
"197",398,"Los Angeles Clippers",70,"Sat Mar 18 2017","vs","Cleveland Cavaliers","W",NA,108,78,41,29,"W 1",2017-03-18,1
"198",399,"Los Angeles Clippers",71,"Mon Mar 20 2017","vs","New York Knicks","W",NA,114,105,42,29,"W 2",2017-03-20,1
"199",402,"Los Angeles Clippers",74,"Sat Mar 25 2017","vs","Utah Jazz","W",NA,108,95,44,30,"W 1",2017-03-25,1
"200",403,"Los Angeles Clippers",75,"Sun Mar 26 2017","vs","Sacramento Kings","L",NA,97,98,44,31,"L 1",2017-03-26,0
"201",404,"Los Angeles Clippers",76,"Wed Mar 29 2017","vs","Washington Wizards","W",NA,133,124,45,31,"W 1",2017-03-29,1
"202",406,"Los Angeles Clippers",78,"Sat Apr 1 2017","vs","Los Angeles Lakers","W",NA,115,104,47,31,"W 3",2017-04-01,1
"203",407,"Los Angeles Clippers",79,"Wed Apr 5 2017","vs","Dallas Mavericks","W",NA,112,101,48,31,"W 4",2017-04-05,1
"204",409,"Los Angeles Clippers",81,"Mon Apr 10 2017","vs","Houston Rockets","W",NA,125,96,50,31,"W 6",2017-04-10,1
"205",410,"Los Angeles Clippers",82,"Wed Apr 12 2017","vs","Sacramento Kings","W",NA,115,95,51,31,"W 7",2017-04-12,1
"206",412,"Oklahoma City Thunder",2,"Fri Oct 28 2016","vs","Phoenix Suns","W","OT",113,110,2,0,"W 2",2016-10-28,1
"207",413,"Oklahoma City Thunder",3,"Sun Oct 30 2016","vs","Los Angeles Lakers","W",NA,113,96,3,0,"W 3",2016-10-30,1
"208",416,"Oklahoma City Thunder",6,"Sat Nov 5 2016","vs","Minnesota Timberwolves","W",NA,112,92,5,1,"W 1",2016-11-05,1
"209",417,"Oklahoma City Thunder",7,"Mon Nov 7 2016","vs","Miami Heat","W",NA,97,85,6,1,"W 2",2016-11-07,1
"210",418,"Oklahoma City Thunder",8,"Wed Nov 9 2016","vs","Toronto Raptors","L",NA,102,112,6,2,"L 1",2016-11-09,0
"211",419,"Oklahoma City Thunder",9,"Fri Nov 11 2016","vs","Los Angeles Clippers","L",NA,108,110,6,3,"L 2",2016-11-11,0
"212",420,"Oklahoma City Thunder",10,"Sun Nov 13 2016","vs","Orlando Magic","L",NA,117,119,6,4,"L 3",2016-11-13,0
"213",422,"Oklahoma City Thunder",12,"Wed Nov 16 2016","vs","Houston Rockets","W",NA,105,103,7,5,"W 1",2016-11-16,1
"214",423,"Oklahoma City Thunder",13,"Fri Nov 18 2016","vs","Brooklyn Nets","W",NA,124,105,8,5,"W 2",2016-11-18,1
"215",424,"Oklahoma City Thunder",14,"Sun Nov 20 2016","vs","Indiana Pacers","L","OT",111,115,8,6,"L 1",2016-11-20,0
"216",428,"Oklahoma City Thunder",18,"Sat Nov 26 2016","vs","Detroit Pistons","W",NA,106,88,10,8,"W 2",2016-11-26,1
"217",430,"Oklahoma City Thunder",20,"Wed Nov 30 2016","vs","Washington Wizards","W","OT",126,115,12,8,"W 4",2016-11-30,1
"218",431,"Oklahoma City Thunder",21,"Sun Dec 4 2016","vs","New Orleans Pelicans","W",NA,101,92,13,8,"W 5",2016-12-04,1
"219",433,"Oklahoma City Thunder",23,"Fri Dec 9 2016","vs","Houston Rockets","L",NA,99,102,14,9,"L 1",2016-12-09,0
"220",434,"Oklahoma City Thunder",24,"Sun Dec 11 2016","vs","Boston Celtics","W",NA,99,96,15,9,"W 1",2016-12-11,1
"221",437,"Oklahoma City Thunder",27,"Sat Dec 17 2016","vs","Phoenix Suns","W",NA,114,101,16,11,"W 1",2016-12-17,1
"222",438,"Oklahoma City Thunder",28,"Mon Dec 19 2016","vs","Atlanta Hawks","L",NA,108,110,16,12,"L 1",2016-12-19,0
"223",441,"Oklahoma City Thunder",31,"Sun Dec 25 2016","vs","Minnesota Timberwolves","W",NA,112,100,19,12,"W 3",2016-12-25,1
"224",444,"Oklahoma City Thunder",34,"Sat Dec 31 2016","vs","Los Angeles Clippers","W",NA,114,88,21,13,"W 1",2016-12-31,1
"225",448,"Oklahoma City Thunder",38,"Sat Jan 7 2017","vs","Denver Nuggets","W",NA,121,106,22,16,"W 1",2017-01-07,1
"226",450,"Oklahoma City Thunder",40,"Wed Jan 11 2017","vs","Memphis Grizzlies","W",NA,103,95,24,16,"W 3",2017-01-11,1
"227",457,"Oklahoma City Thunder",47,"Thu Jan 26 2017","vs","Dallas Mavericks","W",NA,109,98,28,19,"W 3",2017-01-26,1
"228",460,"Oklahoma City Thunder",50,"Wed Feb 1 2017","vs","Chicago Bulls","L",NA,100,128,28,22,"L 3",2017-02-01,0
"229",461,"Oklahoma City Thunder",51,"Fri Feb 3 2017","vs","Memphis Grizzlies","W",NA,114,102,29,22,"W 1",2017-02-03,1
"230",462,"Oklahoma City Thunder",52,"Sun Feb 5 2017","vs","Portland Trail Blazers","W",NA,105,99,30,22,"W 2",2017-02-05,1
"231",464,"Oklahoma City Thunder",54,"Thu Feb 9 2017","vs","Cleveland Cavaliers","W",NA,118,109,31,23,"W 1",2017-02-09,1
"232",465,"Oklahoma City Thunder",55,"Sat Feb 11 2017","vs","Golden State Warriors","L",NA,114,130,31,24,"L 1",2017-02-11,0
"233",467,"Oklahoma City Thunder",57,"Wed Feb 15 2017","vs","New York Knicks","W",NA,116,105,32,25,"W 1",2017-02-15,1
"234",468,"Oklahoma City Thunder",58,"Fri Feb 24 2017","vs","Los Angeles Lakers","W",NA,110,93,33,25,"W 2",2017-02-24,1
"235",469,"Oklahoma City Thunder",59,"Sun Feb 26 2017","vs","New Orleans Pelicans","W",NA,118,110,34,25,"W 3",2017-02-26,1
"236",470,"Oklahoma City Thunder",60,"Tue Feb 28 2017","vs","Utah Jazz","W",NA,109,106,35,25,"W 4",2017-02-28,1
"237",474,"Oklahoma City Thunder",64,"Tue Mar 7 2017","vs","Portland Trail Blazers","L",NA,121,126,35,29,"L 4",2017-03-07,0
"238",475,"Oklahoma City Thunder",65,"Thu Mar 9 2017","vs","San Antonio Spurs","W",NA,102,92,36,29,"W 1",2017-03-09,1
"239",476,"Oklahoma City Thunder",66,"Sat Mar 11 2017","vs","Utah Jazz","W",NA,112,104,37,29,"W 2",2017-03-11,1
"240",479,"Oklahoma City Thunder",69,"Sat Mar 18 2017","vs","Sacramento Kings","W",NA,110,94,40,29,"W 5",2017-03-18,1
"241",480,"Oklahoma City Thunder",70,"Mon Mar 20 2017","vs","Golden State Warriors","L",NA,95,111,40,30,"L 1",2017-03-20,0
"242",481,"Oklahoma City Thunder",71,"Wed Mar 22 2017","vs","Philadelphia 76ers","W",NA,122,97,41,30,"W 1",2017-03-22,1
"243",485,"Oklahoma City Thunder",75,"Fri Mar 31 2017","vs","San Antonio Spurs","L",NA,95,100,43,32,"L 1",2017-03-31,0
"244",486,"Oklahoma City Thunder",76,"Sun Apr 2 2017","vs","Charlotte Hornets","L",NA,101,113,43,33,"L 2",2017-04-02,0
"245",487,"Oklahoma City Thunder",77,"Tue Apr 4 2017","vs","Milwaukee Bucks","W",NA,110,79,44,33,"W 1",2017-04-04,1
"246",492,"Oklahoma City Thunder",82,"Wed Apr 12 2017","vs","Denver Nuggets","L",NA,105,111,47,35,"L 1",2017-04-12,0
"247",493,"Memphis Grizzlies",1,"Wed Oct 26 2016","vs","Minnesota Timberwolves","W",NA,102,98,1,0,"W 1",2016-10-26,1
"248",495,"Memphis Grizzlies",3,"Sun Oct 30 2016","vs","Washington Wizards","W","OT",112,103,2,1,"W 1",2016-10-30,1
"249",497,"Memphis Grizzlies",5,"Wed Nov 2 2016","vs","New Orleans Pelicans","W","OT",89,83,3,2,"W 1",2016-11-02,1
"250",498,"Memphis Grizzlies",6,"Fri Nov 4 2016","vs","Los Angeles Clippers","L",NA,88,99,3,3,"L 1",2016-11-04,0
"251",499,"Memphis Grizzlies",7,"Sun Nov 6 2016","vs","Portland Trail Blazers","L",NA,94,100,3,4,"L 2",2016-11-06,0
"252",500,"Memphis Grizzlies",8,"Tue Nov 8 2016","vs","Denver Nuggets","W",NA,108,107,4,4,"W 1",2016-11-08,1
"253",505,"Memphis Grizzlies",13,"Sat Nov 19 2016","vs","Minnesota Timberwolves","W",NA,93,71,8,5,"W 4",2016-11-19,1
"254",508,"Memphis Grizzlies",16,"Fri Nov 25 2016","vs","Miami Heat","L",NA,81,90,10,6,"L 1",2016-11-25,0
"255",510,"Memphis Grizzlies",18,"Mon Nov 28 2016","vs","Charlotte Hornets","L",NA,85,104,11,7,"L 1",2016-11-28,0
"256",512,"Memphis Grizzlies",20,"Thu Dec 1 2016","vs","Orlando Magic","W",NA,95,94,12,8,"W 1",2016-12-01,1
"257",513,"Memphis Grizzlies",21,"Sat Dec 3 2016","vs","Los Angeles Lakers","W",NA,103,100,13,8,"W 2",2016-12-03,1
"258",515,"Memphis Grizzlies",23,"Tue Dec 6 2016","vs","Philadelphia 76ers","W",NA,96,91,15,8,"W 4",2016-12-06,1
"259",516,"Memphis Grizzlies",24,"Thu Dec 8 2016","vs","Portland Trail Blazers","W",NA,88,86,16,8,"W 5",2016-12-08,1
"260",517,"Memphis Grizzlies",25,"Sat Dec 10 2016","vs","Golden State Warriors","W",NA,110,89,17,8,"W 6",2016-12-10,1
"261",519,"Memphis Grizzlies",27,"Wed Dec 14 2016","vs","Cleveland Cavaliers","W",NA,93,85,18,9,"W 1",2016-12-14,1
"262",520,"Memphis Grizzlies",28,"Fri Dec 16 2016","vs","Sacramento Kings","L",NA,92,96,18,10,"L 1",2016-12-16,0
"263",521,"Memphis Grizzlies",29,"Sun Dec 18 2016","vs","Utah Jazz","L",NA,73,82,18,11,"L 2",2016-12-18,0
"264",522,"Memphis Grizzlies",30,"Tue Dec 20 2016","vs","Boston Celtics","L","OT",109,112,18,12,"L 3",2016-12-20,0
"265",524,"Memphis Grizzlies",32,"Fri Dec 23 2016","vs","Houston Rockets","W",NA,115,109,20,12,"W 2",2016-12-23,1
"266",527,"Memphis Grizzlies",35,"Thu Dec 29 2016","vs","Oklahoma City Thunder","W",NA,114,80,21,14,"W 1",2016-12-29,1
"267",532,"Memphis Grizzlies",40,"Sun Jan 8 2017","vs","Utah Jazz","W",NA,88,79,24,16,"W 2",2017-01-08,1
"268",535,"Memphis Grizzlies",43,"Sun Jan 15 2017","vs","Chicago Bulls","L",NA,104,108,25,18,"L 1",2017-01-15,0
"269",537,"Memphis Grizzlies",45,"Fri Jan 20 2017","vs","Sacramento Kings","W",NA,107,91,26,19,"W 1",2017-01-20,1
"270",538,"Memphis Grizzlies",46,"Sat Jan 21 2017","vs","Houston Rockets","L",NA,95,119,26,20,"L 1",2017-01-21,0
"271",539,"Memphis Grizzlies",47,"Wed Jan 25 2017","vs","Toronto Raptors","W",NA,101,99,27,20,"W 1",2017-01-25,1
"272",546,"Memphis Grizzlies",54,"Mon Feb 6 2017","vs","San Antonio Spurs","W",NA,89,74,32,22,"W 2",2017-02-06,1
"273",547,"Memphis Grizzlies",55,"Wed Feb 8 2017","vs","Phoenix Suns","W",NA,110,91,33,22,"W 3",2017-02-08,1
"274",548,"Memphis Grizzlies",56,"Fri Feb 10 2017","vs","Golden State Warriors","L",NA,107,122,33,23,"L 1",2017-02-10,0
"275",550,"Memphis Grizzlies",58,"Wed Feb 15 2017","vs","New Orleans Pelicans","L",NA,91,95,34,24,"L 1",2017-02-15,0
"276",553,"Memphis Grizzlies",61,"Tue Feb 28 2017","vs","Phoenix Suns","W",NA,130,112,36,25,"W 2",2017-02-28,1
"277",556,"Memphis Grizzlies",64,"Mon Mar 6 2017","vs","Brooklyn Nets","L",NA,109,122,36,28,"L 3",2017-03-06,0
"278",557,"Memphis Grizzlies",65,"Thu Mar 9 2017","vs","Los Angeles Clippers","L",NA,98,114,36,29,"L 4",2017-03-09,0
"279",558,"Memphis Grizzlies",66,"Sat Mar 11 2017","vs","Atlanta Hawks","L",NA,90,107,36,30,"L 5",2017-03-11,0
"280",559,"Memphis Grizzlies",67,"Mon Mar 13 2017","vs","Milwaukee Bucks","W",NA,113,93,37,30,"W 1",2017-03-13,1
"281",562,"Memphis Grizzlies",70,"Sat Mar 18 2017","vs","San Antonio Spurs","W",NA,104,96,40,30,"W 4",2017-03-18,1
"282",567,"Memphis Grizzlies",75,"Wed Mar 29 2017","vs","Indiana Pacers","W",NA,110,97,41,34,"W 1",2017-03-29,1
"283",568,"Memphis Grizzlies",76,"Fri Mar 31 2017","vs","Dallas Mavericks","W",NA,99,90,42,34,"W 2",2017-03-31,1
"284",571,"Memphis Grizzlies",79,"Wed Apr 5 2017","vs","Oklahoma City Thunder","L",NA,100,103,42,37,"L 3",2017-04-05,0
"285",572,"Memphis Grizzlies",80,"Fri Apr 7 2017","vs","New York Knicks","W",NA,101,88,43,37,"W 1",2017-04-07,1
"286",573,"Memphis Grizzlies",81,"Sun Apr 9 2017","vs","Detroit Pistons","L",NA,90,103,43,38,"L 1",2017-04-09,0
"287",574,"Memphis Grizzlies",82,"Wed Apr 12 2017","vs","Dallas Mavericks","L",NA,93,100,43,39,"L 2",2017-04-12,0
"288",575,"Portland Trail Blazers",1,"Tue Oct 25 2016","vs","Utah Jazz","W",NA,113,104,1,0,"W 1",2016-10-25,1
"289",576,"Portland Trail Blazers",2,"Thu Oct 27 2016","vs","Los Angeles Clippers","L",NA,106,114,1,1,"L 1",2016-10-27,0
"290",578,"Portland Trail Blazers",4,"Tue Nov 1 2016","vs","Golden State Warriors","L",NA,104,127,2,2,"L 1",2016-11-01,0
"291",582,"Portland Trail Blazers",8,"Tue Nov 8 2016","vs","Phoenix Suns","W",NA,124,121,5,3,"W 3",2016-11-08,1
"292",584,"Portland Trail Blazers",10,"Fri Nov 11 2016","vs","Sacramento Kings","W","OT",122,120,6,4,"W 1",2016-11-11,1
"293",585,"Portland Trail Blazers",11,"Sun Nov 13 2016","vs","Denver Nuggets","W",NA,112,105,7,4,"W 2",2016-11-13,1
"294",586,"Portland Trail Blazers",12,"Tue Nov 15 2016","vs","Chicago Bulls","L",NA,88,113,7,5,"L 1",2016-11-15,0
"295",592,"Portland Trail Blazers",18,"Fri Nov 25 2016","vs","New Orleans Pelicans","W",NA,119,104,9,9,"W 1",2016-11-25,1
"296",593,"Portland Trail Blazers",19,"Sun Nov 27 2016","vs","Houston Rockets","L",NA,114,130,9,10,"L 1",2016-11-27,0
"297",594,"Portland Trail Blazers",20,"Wed Nov 30 2016","vs","Indiana Pacers","W",NA,131,109,10,10,"W 1",2016-11-30,1
"298",595,"Portland Trail Blazers",21,"Sat Dec 3 2016","vs","Miami Heat","W",NA,99,92,11,10,"W 2",2016-12-03,1
"299",601,"Portland Trail Blazers",27,"Tue Dec 13 2016","vs","Oklahoma City Thunder","W",NA,114,95,13,14,"W 1",2016-12-13,1
"300",605,"Portland Trail Blazers",31,"Wed Dec 21 2016","vs","Dallas Mavericks","L",NA,95,96,13,18,"L 4",2016-12-21,0
"301",606,"Portland Trail Blazers",32,"Fri Dec 23 2016","vs","San Antonio Spurs","L",NA,90,110,13,19,"L 5",2016-12-23,0
"302",607,"Portland Trail Blazers",33,"Mon Dec 26 2016","vs","Toronto Raptors","L",NA,91,95,13,20,"L 6",2016-12-26,0
"303",608,"Portland Trail Blazers",34,"Wed Dec 28 2016","vs","Sacramento Kings","W",NA,102,89,14,20,"W 1",2016-12-28,1
"304",612,"Portland Trail Blazers",38,"Thu Jan 5 2017","vs","Los Angeles Lakers","W",NA,118,109,16,22,"W 1",2017-01-05,1
"305",613,"Portland Trail Blazers",39,"Sun Jan 8 2017","vs","Detroit Pistons","L","2OT",124,125,16,23,"L 1",2017-01-08,0
"306",615,"Portland Trail Blazers",41,"Wed Jan 11 2017","vs","Cleveland Cavaliers","W",NA,102,86,18,23,"W 2",2017-01-11,1
"307",616,"Portland Trail Blazers",42,"Fri Jan 13 2017","vs","Orlando Magic","L",NA,109,115,18,24,"L 1",2017-01-13,0
"308",621,"Portland Trail Blazers",47,"Wed Jan 25 2017","vs","Los Angeles Lakers","W",NA,105,98,20,27,"W 2",2017-01-25,1
"309",622,"Portland Trail Blazers",48,"Fri Jan 27 2017","vs","Memphis Grizzlies","W",NA,112,109,21,27,"W 3",2017-01-27,1
"310",623,"Portland Trail Blazers",49,"Sun Jan 29 2017","vs","Golden State Warriors","L",NA,111,113,21,28,"L 1",2017-01-29,0
"311",624,"Portland Trail Blazers",50,"Tue Jan 31 2017","vs","Charlotte Hornets","W",NA,115,98,22,28,"W 1",2017-01-31,1
"312",625,"Portland Trail Blazers",51,"Fri Feb 3 2017","vs","Dallas Mavericks","L",NA,104,108,22,29,"L 1",2017-02-03,0
"313",628,"Portland Trail Blazers",54,"Thu Feb 9 2017","vs","Boston Celtics","L",NA,111,120,23,31,"L 1",2017-02-09,0
"314",629,"Portland Trail Blazers",55,"Mon Feb 13 2017","vs","Atlanta Hawks","L","OT",104,109,23,32,"L 2",2017-02-13,0
"315",634,"Portland Trail Blazers",60,"Thu Mar 2 2017","vs","Oklahoma City Thunder","W",NA,114,109,25,35,"W 1",2017-03-02,1
"316",635,"Portland Trail Blazers",61,"Sat Mar 4 2017","vs","Brooklyn Nets","W",NA,130,116,26,35,"W 2",2017-03-04,1
"317",637,"Portland Trail Blazers",63,"Thu Mar 9 2017","vs","Philadelphia 76ers","W","OT",114,108,28,35,"W 4",2017-03-09,1
"318",638,"Portland Trail Blazers",64,"Sat Mar 11 2017","vs","Washington Wizards","L","OT",124,125,28,36,"L 1",2017-03-11,0
"319",644,"Portland Trail Blazers",70,"Tue Mar 21 2017","vs","Milwaukee Bucks","L",NA,90,93,32,38,"L 1",2017-03-21,0
"320",645,"Portland Trail Blazers",71,"Thu Mar 23 2017","vs","New York Knicks","W",NA,110,95,33,38,"W 1",2017-03-23,1
"321",646,"Portland Trail Blazers",72,"Sat Mar 25 2017","vs","Minnesota Timberwolves","W",NA,112,100,34,38,"W 2",2017-03-25,1
"322",648,"Portland Trail Blazers",74,"Tue Mar 28 2017","vs","Denver Nuggets","W",NA,122,113,36,38,"W 4",2017-03-28,1
"323",649,"Portland Trail Blazers",75,"Thu Mar 30 2017","vs","Houston Rockets","W",NA,117,107,37,38,"W 5",2017-03-30,1
"324",650,"Portland Trail Blazers",76,"Sat Apr 1 2017","vs","Phoenix Suns","W",NA,130,117,38,38,"W 6",2017-04-01,1
"325",653,"Portland Trail Blazers",79,"Thu Apr 6 2017","vs","Minnesota Timberwolves","W",NA,105,98,39,40,"W 1",2017-04-06,1
"326",654,"Portland Trail Blazers",80,"Sat Apr 8 2017","vs","Utah Jazz","W",NA,101,86,40,40,"W 2",2017-04-08,1
"327",655,"Portland Trail Blazers",81,"Mon Apr 10 2017","vs","San Antonio Spurs","W",NA,99,98,41,40,"W 3",2017-04-10,1
"328",656,"Portland Trail Blazers",82,"Wed Apr 12 2017","vs","New Orleans Pelicans","L",NA,100,103,41,41,"L 1",2017-04-12,0
"329",658,"Denver Nuggets",2,"Sat Oct 29 2016","vs","Portland Trail Blazers","L","OT",113,115,1,1,"L 1",2016-10-29,0
"330",664,"Denver Nuggets",8,"Thu Nov 10 2016","vs","Golden State Warriors","L",NA,101,125,3,5,"L 2",2016-11-10,0
"331",665,"Denver Nuggets",9,"Sat Nov 12 2016","vs","Detroit Pistons","L",NA,95,106,3,6,"L 3",2016-11-12,0
"332",667,"Denver Nuggets",11,"Wed Nov 16 2016","vs","Phoenix Suns","W",NA,120,104,4,7,"W 1",2016-11-16,1
"333",668,"Denver Nuggets",12,"Fri Nov 18 2016","vs","Toronto Raptors","L","OT",111,113,4,8,"L 1",2016-11-18,0
"334",669,"Denver Nuggets",13,"Sun Nov 20 2016","vs","Utah Jazz","W",NA,105,91,5,8,"W 1",2016-11-20,1
"335",670,"Denver Nuggets",14,"Tue Nov 22 2016","vs","Chicago Bulls","W",NA,110,107,6,8,"W 2",2016-11-22,1
"336",672,"Denver Nuggets",16,"Fri Nov 25 2016","vs","Oklahoma City Thunder","L","OT",129,132,6,10,"L 2",2016-11-25,0
"337",674,"Denver Nuggets",18,"Wed Nov 30 2016","vs","Miami Heat","L",NA,98,106,7,11,"L 1",2016-11-30,0
"338",675,"Denver Nuggets",19,"Fri Dec 2 2016","vs","Houston Rockets","L",NA,110,128,7,12,"L 2",2016-12-02,0
"339",682,"Denver Nuggets",26,"Thu Dec 15 2016","vs","Portland Trail Blazers","W",NA,132,120,10,16,"W 1",2016-12-15,1
"340",683,"Denver Nuggets",27,"Sat Dec 17 2016","vs","New York Knicks","W",NA,127,114,11,16,"W 2",2016-12-17,1
"341",684,"Denver Nuggets",28,"Mon Dec 19 2016","vs","Dallas Mavericks","W",NA,117,107,12,16,"W 3",2016-12-19,1
"342",686,"Denver Nuggets",30,"Fri Dec 23 2016","vs","Atlanta Hawks","L",NA,108,109,12,18,"L 2",2016-12-23,0
"343",688,"Denver Nuggets",32,"Wed Dec 28 2016","vs","Minnesota Timberwolves","W",NA,105,103,14,18,"W 2",2016-12-28,1
"344",689,"Denver Nuggets",33,"Fri Dec 30 2016","vs","Philadelphia 76ers","L",NA,122,124,14,19,"L 1",2016-12-30,0
"345",691,"Denver Nuggets",35,"Tue Jan 3 2017","vs","Sacramento Kings","L",NA,113,120,14,21,"L 3",2017-01-03,0
"346",692,"Denver Nuggets",36,"Thu Jan 5 2017","vs","San Antonio Spurs","L",NA,99,127,14,22,"L 4",2017-01-05,0
"347",694,"Denver Nuggets",38,"Thu Jan 12 2017","vs","Indiana Pacers","W",NA,140,112,15,23,"W 1",2017-01-12,1
"348",695,"Denver Nuggets",39,"Mon Jan 16 2017","vs","Orlando Magic","W",NA,125,112,16,23,"W 2",2017-01-16,1
"349",698,"Denver Nuggets",42,"Sat Jan 21 2017","vs","Los Angeles Clippers","W",NA,123,98,18,24,"W 1",2017-01-21,1
"350",700,"Denver Nuggets",44,"Tue Jan 24 2017","vs","Utah Jazz","W",NA,103,93,19,25,"W 1",2017-01-24,1
"351",701,"Denver Nuggets",45,"Thu Jan 26 2017","vs","Phoenix Suns","W",NA,127,120,20,25,"W 2",2017-01-26,1
"352",704,"Denver Nuggets",48,"Wed Feb 1 2017","vs","Memphis Grizzlies","L",NA,99,119,21,27,"L 2",2017-02-01,0
"353",705,"Denver Nuggets",49,"Fri Feb 3 2017","vs","Milwaukee Bucks","W",NA,121,117,22,27,"W 1",2017-02-03,1
"354",707,"Denver Nuggets",51,"Mon Feb 6 2017","vs","Dallas Mavericks","W",NA,110,87,23,28,"W 1",2017-02-06,1
"355",711,"Denver Nuggets",55,"Mon Feb 13 2017","vs","Golden State Warriors","W",NA,132,110,25,30,"W 1",2017-02-13,1
"356",712,"Denver Nuggets",56,"Wed Feb 15 2017","vs","Minnesota Timberwolves","L",NA,99,112,25,31,"L 1",2017-02-15,0
"357",714,"Denver Nuggets",58,"Fri Feb 24 2017","vs","Brooklyn Nets","W",NA,129,109,26,32,"W 1",2017-02-24,1
"358",715,"Denver Nuggets",59,"Sun Feb 26 2017","vs","Memphis Grizzlies","L",NA,98,105,26,33,"L 1",2017-02-26,0
"359",718,"Denver Nuggets",62,"Sat Mar 4 2017","vs","Charlotte Hornets","L",NA,102,112,28,34,"L 1",2017-03-04,0
"360",719,"Denver Nuggets",63,"Mon Mar 6 2017","vs","Sacramento Kings","W",NA,108,96,29,34,"W 1",2017-03-06,1
"361",720,"Denver Nuggets",64,"Wed Mar 8 2017","vs","Washington Wizards","L",NA,113,123,29,35,"L 1",2017-03-08,0
"362",721,"Denver Nuggets",65,"Fri Mar 10 2017","vs","Boston Celtics","W",NA,119,99,30,35,"W 1",2017-03-10,1
"363",723,"Denver Nuggets",67,"Mon Mar 13 2017","vs","Los Angeles Lakers","W",NA,129,101,32,35,"W 3",2017-03-13,1
"364",724,"Denver Nuggets",68,"Thu Mar 16 2017","vs","Los Angeles Clippers","W",NA,129,114,33,35,"W 4",2017-03-16,1
"365",725,"Denver Nuggets",69,"Sat Mar 18 2017","vs","Houston Rockets","L",NA,105,109,33,36,"L 1",2017-03-18,0
"366",727,"Denver Nuggets",71,"Wed Mar 22 2017","vs","Cleveland Cavaliers","W",NA,126,113,34,37,"W 1",2017-03-22,1
"367",729,"Denver Nuggets",73,"Sun Mar 26 2017","vs","New Orleans Pelicans","L",NA,90,115,35,38,"L 1",2017-03-26,0
"368",735,"Denver Nuggets",79,"Fri Apr 7 2017","vs","New Orleans Pelicans","W",NA,122,106,38,41,"W 1",2017-04-07,1
"369",736,"Denver Nuggets",80,"Sun Apr 9 2017","vs","Oklahoma City Thunder","L",NA,105,106,38,42,"L 1",2017-04-09,0
"370",739,"New Orleans Pelicans",1,"Wed Oct 26 2016","vs","Denver Nuggets","L",NA,102,107,0,1,"L 1",2016-10-26,0
"371",740,"New Orleans Pelicans",2,"Fri Oct 28 2016","vs","Golden State Warriors","L",NA,114,122,0,2,"L 2",2016-10-28,0
"372",742,"New Orleans Pelicans",4,"Tue Nov 1 2016","vs","Milwaukee Bucks","L",NA,113,117,0,4,"L 4",2016-11-01,0
"373",744,"New Orleans Pelicans",6,"Fri Nov 4 2016","vs","Phoenix Suns","L","OT",111,112,0,6,"L 6",2016-11-04,0
"374",748,"New Orleans Pelicans",10,"Sat Nov 12 2016","vs","Los Angeles Lakers","L",NA,99,126,1,9,"L 1",2016-11-12,0
"375",749,"New Orleans Pelicans",11,"Mon Nov 14 2016","vs","Boston Celtics","W",NA,106,105,2,9,"W 1",2016-11-14,1
"376",751,"New Orleans Pelicans",13,"Fri Nov 18 2016","vs","Portland Trail Blazers","W",NA,113,101,3,10,"W 1",2016-11-18,1
"377",752,"New Orleans Pelicans",14,"Sat Nov 19 2016","vs","Charlotte Hornets","W","OT",121,116,4,10,"W 2",2016-11-19,1
"378",754,"New Orleans Pelicans",16,"Wed Nov 23 2016","vs","Minnesota Timberwolves","W",NA,117,96,6,10,"W 4",2016-11-23,1
"379",757,"New Orleans Pelicans",19,"Tue Nov 29 2016","vs","Los Angeles Lakers","W",NA,105,88,7,12,"W 1",2016-11-29,1
"380",758,"New Orleans Pelicans",20,"Fri Dec 2 2016","vs","Los Angeles Clippers","L",NA,96,114,7,13,"L 1",2016-12-02,0
"381",760,"New Orleans Pelicans",22,"Mon Dec 5 2016","vs","Memphis Grizzlies","L","2OT",108,110,7,15,"L 3",2016-12-05,0
"382",761,"New Orleans Pelicans",23,"Thu Dec 8 2016","vs","Philadelphia 76ers","L",NA,88,99,7,16,"L 4",2016-12-08,0
"383",764,"New Orleans Pelicans",26,"Tue Dec 13 2016","vs","Golden State Warriors","L",NA,109,113,8,18,"L 1",2016-12-13,0
"384",765,"New Orleans Pelicans",27,"Thu Dec 15 2016","vs","Indiana Pacers","W",NA,102,95,9,18,"W 1",2016-12-15,1
"385",769,"New Orleans Pelicans",31,"Wed Dec 21 2016","vs","Oklahoma City Thunder","L",NA,110,121,10,21,"L 1",2016-12-21,0
"386",770,"New Orleans Pelicans",32,"Fri Dec 23 2016","vs","Miami Heat","W",NA,91,87,11,21,"W 1",2016-12-23,1
"387",771,"New Orleans Pelicans",33,"Mon Dec 26 2016","vs","Dallas Mavericks","W",NA,111,104,12,21,"W 2",2016-12-26,1
"388",772,"New Orleans Pelicans",34,"Wed Dec 28 2016","vs","Los Angeles Clippers","W",NA,102,98,13,21,"W 3",2016-12-28,1
"389",773,"New Orleans Pelicans",35,"Fri Dec 30 2016","vs","New York Knicks","W",NA,104,92,14,21,"W 4",2016-12-30,1
"390",775,"New Orleans Pelicans",37,"Thu Jan 5 2017","vs","Atlanta Hawks","L",NA,94,99,14,23,"L 2",2017-01-05,0
"391",781,"New Orleans Pelicans",43,"Wed Jan 18 2017","vs","Orlando Magic","W",NA,118,98,17,26,"W 1",2017-01-18,1
"392",782,"New Orleans Pelicans",44,"Fri Jan 20 2017","vs","Brooklyn Nets","L",NA,114,143,17,27,"L 1",2017-01-20,0
"393",783,"New Orleans Pelicans",45,"Mon Jan 23 2017","vs","Cleveland Cavaliers","W",NA,124,122,18,27,"W 1",2017-01-23,1
"394",784,"New Orleans Pelicans",46,"Wed Jan 25 2017","vs","Oklahoma City Thunder","L",NA,105,114,18,28,"L 1",2017-01-25,0
"395",785,"New Orleans Pelicans",47,"Fri Jan 27 2017","vs","San Antonio Spurs","W",NA,119,103,19,28,"W 1",2017-01-27,1
"396",786,"New Orleans Pelicans",48,"Sun Jan 29 2017","vs","Washington Wizards","L",NA,94,107,19,29,"L 1",2017-01-29,0
"397",790,"New Orleans Pelicans",52,"Mon Feb 6 2017","vs","Phoenix Suns","W",NA,111,106,20,32,"W 1",2017-02-06,1
"398",791,"New Orleans Pelicans",53,"Wed Feb 8 2017","vs","Utah Jazz","L",NA,94,127,20,33,"L 1",2017-02-08,0
"399",796,"New Orleans Pelicans",58,"Thu Feb 23 2017","vs","Houston Rockets","L",NA,99,129,23,35,"L 1",2017-02-23,0
"400",799,"New Orleans Pelicans",61,"Wed Mar 1 2017","vs","Detroit Pistons","W",NA,109,86,24,37,"W 1",2017-03-01,1
"401",800,"New Orleans Pelicans",62,"Fri Mar 3 2017","vs","San Antonio Spurs","L","OT",98,101,24,38,"L 1",2017-03-03,0
"402",803,"New Orleans Pelicans",65,"Wed Mar 8 2017","vs","Toronto Raptors","L",NA,87,94,25,40,"L 2",2017-03-08,0
"403",805,"New Orleans Pelicans",67,"Tue Mar 14 2017","vs","Portland Trail Blazers","W",NA,100,77,27,40,"W 2",2017-03-14,1
"404",807,"New Orleans Pelicans",69,"Fri Mar 17 2017","vs","Houston Rockets","W",NA,128,112,28,41,"W 1",2017-03-17,1
"405",808,"New Orleans Pelicans",70,"Sun Mar 19 2017","vs","Minnesota Timberwolves","W",NA,123,109,29,41,"W 2",2017-03-19,1
"406",809,"New Orleans Pelicans",71,"Tue Mar 21 2017","vs","Memphis Grizzlies","W",NA,95,82,30,41,"W 3",2017-03-21,1
"407",813,"New Orleans Pelicans",75,"Wed Mar 29 2017","vs","Dallas Mavericks","W",NA,121,118,32,43,"W 1",2017-03-29,1
"408",814,"New Orleans Pelicans",76,"Fri Mar 31 2017","vs","Sacramento Kings","W",NA,117,89,33,43,"W 2",2017-03-31,1
"409",815,"New Orleans Pelicans",77,"Sun Apr 2 2017","vs","Chicago Bulls","L",NA,110,117,33,44,"L 1",2017-04-02,0
"410",816,"New Orleans Pelicans",78,"Tue Apr 4 2017","vs","Denver Nuggets","L",NA,131,134,33,45,"L 2",2017-04-04,0
"411",822,"Dallas Mavericks",2,"Fri Oct 28 2016","vs","Houston Rockets","L",NA,98,106,0,2,"L 2",2016-10-28,0
"412",825,"Dallas Mavericks",5,"Fri Nov 4 2016","vs","Portland Trail Blazers","L",NA,95,105,0,5,"L 5",2016-11-04,0
"413",826,"Dallas Mavericks",6,"Sun Nov 6 2016","vs","Milwaukee Bucks","W","OT",86,75,1,5,"W 1",2016-11-06,1
"414",831,"Dallas Mavericks",11,"Fri Nov 18 2016","vs","Memphis Grizzlies","L",NA,64,80,2,9,"L 4",2016-11-18,0
"415",834,"Dallas Mavericks",14,"Wed Nov 23 2016","vs","Los Angeles Clippers","L",NA,104,124,2,12,"L 7",2016-11-23,0
"416",836,"Dallas Mavericks",16,"Sun Nov 27 2016","vs","New Orleans Pelicans","W",NA,91,81,3,13,"W 1",2016-11-27,1
"417",837,"Dallas Mavericks",17,"Wed Nov 30 2016","vs","San Antonio Spurs","L",NA,87,94,3,14,"L 1",2016-11-30,0
"418",839,"Dallas Mavericks",19,"Sat Dec 3 2016","vs","Chicago Bulls","W",NA,107,82,4,15,"W 1",2016-12-03,1
"419",840,"Dallas Mavericks",20,"Mon Dec 5 2016","vs","Charlotte Hornets","L",NA,101,109,4,16,"L 1",2016-12-05,0
"420",841,"Dallas Mavericks",21,"Wed Dec 7 2016","vs","Sacramento Kings","L",NA,89,120,4,17,"L 2",2016-12-07,0
"421",842,"Dallas Mavericks",22,"Fri Dec 9 2016","vs","Indiana Pacers","W",NA,111,103,5,17,"W 1",2016-12-09,1
"422",844,"Dallas Mavericks",24,"Mon Dec 12 2016","vs","Denver Nuggets","W",NA,112,92,6,18,"W 1",2016-12-12,1
"423",845,"Dallas Mavericks",25,"Wed Dec 14 2016","vs","Detroit Pistons","L",NA,85,95,6,19,"L 1",2016-12-14,0
"424",847,"Dallas Mavericks",27,"Sun Dec 18 2016","vs","Sacramento Kings","W",NA,99,79,7,20,"W 1",2016-12-18,1
"425",852,"Dallas Mavericks",32,"Tue Dec 27 2016","vs","Houston Rockets","L",NA,107,123,9,23,"L 2",2016-12-27,0
"426",855,"Dallas Mavericks",35,"Tue Jan 3 2017","vs","Washington Wizards","W",NA,113,105,11,24,"W 1",2017-01-03,1
"427",856,"Dallas Mavericks",36,"Thu Jan 5 2017","vs","Phoenix Suns","L",NA,95,102,11,25,"L 1",2017-01-05,0
"428",857,"Dallas Mavericks",37,"Sat Jan 7 2017","vs","Atlanta Hawks","L",NA,82,97,11,26,"L 2",2017-01-07,0
"429",860,"Dallas Mavericks",40,"Sun Jan 15 2017","vs","Minnesota Timberwolves","W",NA,98,87,13,27,"W 2",2017-01-15,1
"430",863,"Dallas Mavericks",43,"Fri Jan 20 2017","vs","Utah Jazz","L","OT",107,112,14,29,"L 2",2017-01-20,0
"431",864,"Dallas Mavericks",44,"Sun Jan 22 2017","vs","Los Angeles Lakers","W",NA,122,73,15,29,"W 1",2017-01-22,1
"432",865,"Dallas Mavericks",45,"Wed Jan 25 2017","vs","New York Knicks","W",NA,103,95,16,29,"W 2",2017-01-25,1
"433",868,"Dallas Mavericks",48,"Mon Jan 30 2017","vs","Cleveland Cavaliers","W",NA,104,97,18,30,"W 2",2017-01-30,1
"434",869,"Dallas Mavericks",49,"Wed Feb 1 2017","vs","Philadelphia 76ers","W",NA,113,95,19,30,"W 3",2017-02-01,1
"435",872,"Dallas Mavericks",52,"Tue Feb 7 2017","vs","Portland Trail Blazers","L",NA,113,114,20,32,"L 2",2017-02-07,0
"436",873,"Dallas Mavericks",53,"Thu Feb 9 2017","vs","Utah Jazz","W","OT",112,105,21,32,"W 1",2017-02-09,1
"437",874,"Dallas Mavericks",54,"Sat Feb 11 2017","vs","Orlando Magic","W",NA,112,80,22,32,"W 2",2017-02-11,1
"438",875,"Dallas Mavericks",55,"Mon Feb 13 2017","vs","Boston Celtics","L",NA,98,111,22,33,"L 1",2017-02-13,0
"439",878,"Dallas Mavericks",58,"Sat Feb 25 2017","vs","New Orleans Pelicans","W",NA,96,83,23,35,"W 1",2017-02-25,1
"440",879,"Dallas Mavericks",59,"Mon Feb 27 2017","vs","Miami Heat","W",NA,96,89,24,35,"W 2",2017-02-27,1
"441",881,"Dallas Mavericks",61,"Fri Mar 3 2017","vs","Memphis Grizzlies","W",NA,104,100,25,36,"W 1",2017-03-03,1
"442",882,"Dallas Mavericks",62,"Sun Mar 5 2017","vs","Oklahoma City Thunder","W",NA,104,89,26,36,"W 2",2017-03-05,1
"443",883,"Dallas Mavericks",63,"Tue Mar 7 2017","vs","Los Angeles Lakers","W",NA,122,111,27,36,"W 3",2017-03-07,1
"444",884,"Dallas Mavericks",64,"Fri Mar 10 2017","vs","Brooklyn Nets","W",NA,105,96,28,36,"W 4",2017-03-10,1
"445",885,"Dallas Mavericks",65,"Sat Mar 11 2017","vs","Phoenix Suns","L",NA,98,100,28,37,"L 1",2017-03-11,0
"446",890,"Dallas Mavericks",70,"Tue Mar 21 2017","vs","Golden State Warriors","L",NA,87,112,30,40,"L 1",2017-03-21,0
"447",891,"Dallas Mavericks",71,"Thu Mar 23 2017","vs","Los Angeles Clippers","W",NA,97,95,31,40,"W 1",2017-03-23,1
"448",892,"Dallas Mavericks",72,"Sat Mar 25 2017","vs","Toronto Raptors","L",NA,86,94,31,41,"L 1",2017-03-25,0
"449",893,"Dallas Mavericks",73,"Mon Mar 27 2017","vs","Oklahoma City Thunder","L",NA,91,92,31,42,"L 2",2017-03-27,0
"450",899,"Dallas Mavericks",79,"Fri Apr 7 2017","vs","San Antonio Spurs","L",NA,89,102,32,47,"L 3",2017-04-07,0
"451",901,"Dallas Mavericks",81,"Tue Apr 11 2017","vs","Denver Nuggets","L",NA,91,109,32,49,"L 5",2017-04-11,0
"452",904,"Sacramento Kings",2,"Thu Oct 27 2016","vs","San Antonio Spurs","L",NA,94,102,1,1,"L 1",2016-10-27,0
"453",905,"Sacramento Kings",3,"Sat Oct 29 2016","vs","Minnesota Timberwolves","W",NA,106,103,2,1,"W 1",2016-10-29,1
"454",911,"Sacramento Kings",9,"Tue Nov 8 2016","vs","New Orleans Pelicans","W",NA,102,94,4,5,"W 2",2016-11-08,1
"455",912,"Sacramento Kings",10,"Thu Nov 10 2016","vs","Los Angeles Lakers","L",NA,91,101,4,6,"L 1",2016-11-10,0
"456",914,"Sacramento Kings",12,"Wed Nov 16 2016","vs","San Antonio Spurs","L",NA,105,110,4,8,"L 3",2016-11-16,0
"457",915,"Sacramento Kings",13,"Fri Nov 18 2016","vs","Los Angeles Clippers","L",NA,115,121,4,9,"L 4",2016-11-18,0
"458",916,"Sacramento Kings",14,"Sun Nov 20 2016","vs","Toronto Raptors","W",NA,102,99,5,9,"W 1",2016-11-20,1
"459",917,"Sacramento Kings",15,"Wed Nov 23 2016","vs","Oklahoma City Thunder","W",NA,116,101,6,9,"W 2",2016-11-23,1
"460",918,"Sacramento Kings",16,"Fri Nov 25 2016","vs","Houston Rockets","L",NA,104,117,6,10,"L 1",2016-11-25,0
"461",924,"Sacramento Kings",22,"Fri Dec 9 2016","vs","New York Knicks","L",NA,100,103,8,14,"L 1",2016-12-09,0
"462",926,"Sacramento Kings",24,"Mon Dec 12 2016","vs","Los Angeles Lakers","W",NA,116,92,9,15,"W 1",2016-12-12,1
"463",930,"Sacramento Kings",28,"Tue Dec 20 2016","vs","Portland Trail Blazers","W",NA,126,121,11,17,"W 1",2016-12-20,1
"464",933,"Sacramento Kings",31,"Mon Dec 26 2016","vs","Philadelphia 76ers","W",NA,102,100,14,17,"W 4",2016-12-26,1
"465",935,"Sacramento Kings",33,"Sat Dec 31 2016","vs","Memphis Grizzlies","L",NA,98,112,14,19,"L 2",2016-12-31,0
"466",937,"Sacramento Kings",35,"Wed Jan 4 2017","vs","Miami Heat","L",NA,102,107,15,20,"L 1",2017-01-04,0
"467",938,"Sacramento Kings",36,"Fri Jan 6 2017","vs","Los Angeles Clippers","L",NA,98,106,15,21,"L 2",2017-01-06,0
"468",939,"Sacramento Kings",37,"Sun Jan 8 2017","vs","Golden State Warriors","L",NA,106,117,15,22,"L 3",2017-01-08,0
"469",940,"Sacramento Kings",38,"Tue Jan 10 2017","vs","Detroit Pistons","W",NA,100,94,16,22,"W 1",2017-01-10,1
"470",941,"Sacramento Kings",39,"Fri Jan 13 2017","vs","Cleveland Cavaliers","L",NA,108,120,16,23,"L 1",2017-01-13,0
"471",942,"Sacramento Kings",40,"Sun Jan 15 2017","vs","Oklahoma City Thunder","L",NA,118,122,16,24,"L 2",2017-01-15,0
"472",943,"Sacramento Kings",41,"Wed Jan 18 2017","vs","Indiana Pacers","L",NA,100,106,16,25,"L 3",2017-01-18,0
"473",952,"Sacramento Kings",50,"Fri Feb 3 2017","vs","Phoenix Suns","L",NA,103,105,19,31,"L 3",2017-02-03,0
"474",953,"Sacramento Kings",51,"Sat Feb 4 2017","vs","Golden State Warriors","W","OT",109,106,20,31,"W 1",2017-02-04,1
"475",954,"Sacramento Kings",52,"Mon Feb 6 2017","vs","Chicago Bulls","L",NA,107,112,20,32,"L 1",2017-02-06,0
"476",955,"Sacramento Kings",53,"Wed Feb 8 2017","vs","Boston Celtics","W",NA,108,92,21,32,"W 1",2017-02-08,1
"477",956,"Sacramento Kings",54,"Fri Feb 10 2017","vs","Atlanta Hawks","W",NA,108,107,22,32,"W 2",2017-02-10,1
"478",957,"Sacramento Kings",55,"Sun Feb 12 2017","vs","New Orleans Pelicans","W",NA,105,99,23,32,"W 3",2017-02-12,1
"479",960,"Sacramento Kings",58,"Thu Feb 23 2017","vs","Denver Nuggets","W",NA,116,100,25,33,"W 1",2017-02-23,1
"480",961,"Sacramento Kings",59,"Sat Feb 25 2017","vs","Charlotte Hornets","L",NA,85,99,25,34,"L 1",2017-02-25,0
"481",962,"Sacramento Kings",60,"Mon Feb 27 2017","vs","Minnesota Timberwolves","L",NA,88,102,25,35,"L 2",2017-02-27,0
"482",963,"Sacramento Kings",61,"Wed Mar 1 2017","vs","Brooklyn Nets","L",NA,100,109,25,36,"L 3",2017-03-01,0
"483",964,"Sacramento Kings",62,"Sun Mar 5 2017","vs","Utah Jazz","L","OT",109,110,25,37,"L 4",2017-03-05,0
"484",967,"Sacramento Kings",65,"Fri Mar 10 2017","vs","Washington Wizards","L","OT",122,130,25,40,"L 7",2017-03-10,0
"485",968,"Sacramento Kings",66,"Sat Mar 11 2017","vs","Denver Nuggets","L",NA,92,105,25,41,"L 8",2017-03-11,0
"486",969,"Sacramento Kings",67,"Mon Mar 13 2017","vs","Orlando Magic","W",NA,120,115,26,41,"W 1",2017-03-13,1
"487",973,"Sacramento Kings",71,"Wed Mar 22 2017","vs","Milwaukee Bucks","L",NA,98,116,27,44,"L 3",2017-03-22,0
"488",976,"Sacramento Kings",74,"Mon Mar 27 2017","vs","Memphis Grizzlies","W",NA,91,90,29,45,"W 2",2017-03-27,1
"489",977,"Sacramento Kings",75,"Wed Mar 29 2017","vs","Utah Jazz","L",NA,82,112,29,46,"L 1",2017-03-29,0
"490",980,"Sacramento Kings",78,"Tue Apr 4 2017","vs","Dallas Mavericks","W",NA,98,87,31,47,"W 2",2017-04-04,1
"491",982,"Sacramento Kings",80,"Sun Apr 9 2017","vs","Houston Rockets","L",NA,128,135,31,49,"L 2",2017-04-09,0
"492",983,"Sacramento Kings",81,"Tue Apr 11 2017","vs","Phoenix Suns","W",NA,129,104,32,49,"W 1",2017-04-11,1
"493",987,"Minnesota Timberwolves",3,"Tue Nov 1 2016","vs","Memphis Grizzlies","W",NA,116,80,1,2,"W 1",2016-11-01,1
"494",988,"Minnesota Timberwolves",4,"Thu Nov 3 2016","vs","Denver Nuggets","L",NA,99,102,1,3,"L 1",2016-11-03,0
"495",992,"Minnesota Timberwolves",8,"Sat Nov 12 2016","vs","Los Angeles Clippers","L",NA,105,119,2,6,"L 1",2016-11-12,0
"496",993,"Minnesota Timberwolves",9,"Sun Nov 13 2016","vs","Los Angeles Lakers","W",NA,125,99,3,6,"W 1",2016-11-13,1
"497",994,"Minnesota Timberwolves",10,"Tue Nov 15 2016","vs","Charlotte Hornets","L",NA,108,115,3,7,"L 1",2016-11-15,0
"498",995,"Minnesota Timberwolves",11,"Thu Nov 17 2016","vs","Philadelphia 76ers","W",NA,110,86,4,7,"W 1",2016-11-17,1
"499",997,"Minnesota Timberwolves",13,"Mon Nov 21 2016","vs","Boston Celtics","L",NA,93,99,4,9,"L 2",2016-11-21,0
"500",1001,"Minnesota Timberwolves",17,"Mon Nov 28 2016","vs","Utah Jazz","L",NA,103,112,5,12,"L 2",2016-11-28,0
"501",1002,"Minnesota Timberwolves",18,"Wed Nov 30 2016","vs","New York Knicks","L",NA,104,106,5,13,"L 3",2016-11-30,0
"502",1005,"Minnesota Timberwolves",21,"Tue Dec 6 2016","vs","San Antonio Spurs","L",NA,91,105,6,15,"L 1",2016-12-06,0
"503",1007,"Minnesota Timberwolves",23,"Fri Dec 9 2016","vs","Detroit Pistons","L",NA,90,117,6,17,"L 3",2016-12-09,0
"504",1008,"Minnesota Timberwolves",24,"Sun Dec 11 2016","vs","Golden State Warriors","L",NA,108,116,6,18,"L 4",2016-12-11,0
"505",1010,"Minnesota Timberwolves",26,"Sat Dec 17 2016","vs","Houston Rockets","L","OT",109,111,7,19,"L 1",2016-12-17,0
"506",1011,"Minnesota Timberwolves",27,"Mon Dec 19 2016","vs","Phoenix Suns","W",NA,115,108,8,19,"W 1",2016-12-19,1
"507",1013,"Minnesota Timberwolves",29,"Fri Dec 23 2016","vs","Sacramento Kings","L",NA,105,109,9,20,"L 1",2016-12-23,0
"508",1015,"Minnesota Timberwolves",31,"Mon Dec 26 2016","vs","Atlanta Hawks","W",NA,104,90,10,21,"W 1",2016-12-26,1
"509",1017,"Minnesota Timberwolves",33,"Fri Dec 30 2016","vs","Milwaukee Bucks","W",NA,116,99,11,22,"W 1",2016-12-30,1
"510",1018,"Minnesota Timberwolves",34,"Sun Jan 1 2017","vs","Portland Trail Blazers","L",NA,89,95,11,23,"L 1",2017-01-01,0
"511",1021,"Minnesota Timberwolves",37,"Sat Jan 7 2017","vs","Utah Jazz","L",NA,92,94,11,26,"L 4",2017-01-07,0
"512",1022,"Minnesota Timberwolves",38,"Mon Jan 9 2017","vs","Dallas Mavericks","W",NA,101,92,12,26,"W 1",2017-01-09,1
"513",1023,"Minnesota Timberwolves",39,"Wed Jan 11 2017","vs","Houston Rockets","W",NA,119,105,13,26,"W 2",2017-01-11,1
"514",1024,"Minnesota Timberwolves",40,"Fri Jan 13 2017","vs","Oklahoma City Thunder","W",NA,96,86,14,26,"W 3",2017-01-13,1
"515",1028,"Minnesota Timberwolves",44,"Sun Jan 22 2017","vs","Denver Nuggets","W",NA,111,108,16,28,"W 2",2017-01-22,1
"516",1030,"Minnesota Timberwolves",46,"Thu Jan 26 2017","vs","Indiana Pacers","L",NA,103,109,17,29,"L 1",2017-01-26,0
"517",1031,"Minnesota Timberwolves",47,"Sat Jan 28 2017","vs","Brooklyn Nets","W",NA,129,109,18,29,"W 1",2017-01-28,1
"518",1032,"Minnesota Timberwolves",48,"Mon Jan 30 2017","vs","Orlando Magic","W","OT",111,105,19,29,"W 2",2017-01-30,1
"519",1035,"Minnesota Timberwolves",51,"Sat Feb 4 2017","vs","Memphis Grizzlies","L",NA,99,107,19,32,"L 3",2017-02-04,0
"520",1036,"Minnesota Timberwolves",52,"Mon Feb 6 2017","vs","Miami Heat","L",NA,113,115,19,33,"L 4",2017-02-06,0
"521",1037,"Minnesota Timberwolves",53,"Wed Feb 8 2017","vs","Toronto Raptors","W",NA,112,109,20,33,"W 1",2017-02-08,1
"522",1038,"Minnesota Timberwolves",54,"Fri Feb 10 2017","vs","New Orleans Pelicans","L",NA,106,122,20,34,"L 1",2017-02-10,0
"523",1039,"Minnesota Timberwolves",55,"Sun Feb 12 2017","vs","Chicago Bulls","W",NA,117,89,21,34,"W 1",2017-02-12,1
"524",1040,"Minnesota Timberwolves",56,"Tue Feb 14 2017","vs","Cleveland Cavaliers","L",NA,108,116,21,35,"L 1",2017-02-14,0
"525",1042,"Minnesota Timberwolves",58,"Fri Feb 24 2017","vs","Dallas Mavericks","W",NA,97,84,23,35,"W 2",2017-02-24,1
"526",1047,"Minnesota Timberwolves",63,"Wed Mar 8 2017","vs","Los Angeles Clippers","W",NA,107,91,26,37,"W 1",2017-03-08,1
"527",1048,"Minnesota Timberwolves",64,"Fri Mar 10 2017","vs","Golden State Warriors","W",NA,103,102,27,37,"W 2",2017-03-10,1
"528",1050,"Minnesota Timberwolves",66,"Mon Mar 13 2017","vs","Washington Wizards","W",NA,119,104,28,38,"W 1",2017-03-13,1
"529",1054,"Minnesota Timberwolves",70,"Tue Mar 21 2017","vs","San Antonio Spurs","L",NA,93,100,28,42,"L 4",2017-03-21,0
"530",1058,"Minnesota Timberwolves",74,"Thu Mar 30 2017","vs","Los Angeles Lakers","W",NA,119,104,30,44,"W 2",2017-03-30,1
"531",1059,"Minnesota Timberwolves",75,"Sat Apr 1 2017","vs","Sacramento Kings","L",NA,117,123,30,45,"L 1",2017-04-01,0
"532",1060,"Minnesota Timberwolves",76,"Mon Apr 3 2017","vs","Portland Trail Blazers","W",NA,110,109,31,45,"W 1",2017-04-03,1
"533",1065,"Minnesota Timberwolves",81,"Tue Apr 11 2017","vs","Oklahoma City Thunder","L",NA,98,100,31,50,"L 5",2017-04-11,0
"534",1067,"Los Angeles Lakers",1,"Wed Oct 26 2016","vs","Houston Rockets","W",NA,120,114,1,0,"W 1",2016-10-26,1
"535",1072,"Los Angeles Lakers",6,"Fri Nov 4 2016","vs","Golden State Warriors","W",NA,117,97,3,3,"W 2",2016-11-04,1
"536",1073,"Los Angeles Lakers",7,"Sun Nov 6 2016","vs","Phoenix Suns","W",NA,119,108,4,3,"W 3",2016-11-06,1
"537",1074,"Los Angeles Lakers",8,"Tue Nov 8 2016","vs","Dallas Mavericks","L",NA,97,109,4,4,"L 1",2016-11-08,0
"538",1078,"Los Angeles Lakers",12,"Tue Nov 15 2016","vs","Brooklyn Nets","W",NA,125,118,7,5,"W 1",2016-11-15,1
"539",1079,"Los Angeles Lakers",13,"Fri Nov 18 2016","vs","San Antonio Spurs","L",NA,107,116,7,6,"L 1",2016-11-18,0
"540",1080,"Los Angeles Lakers",14,"Sun Nov 20 2016","vs","Chicago Bulls","L",NA,110,118,7,7,"L 2",2016-11-20,0
"541",1081,"Los Angeles Lakers",15,"Tue Nov 22 2016","vs","Oklahoma City Thunder","W",NA,111,109,8,7,"W 1",2016-11-22,1
"542",1083,"Los Angeles Lakers",17,"Fri Nov 25 2016","vs","Golden State Warriors","L",NA,85,109,8,9,"L 2",2016-11-25,0
"543",1084,"Los Angeles Lakers",18,"Sun Nov 27 2016","vs","Atlanta Hawks","W",NA,109,94,9,9,"W 1",2016-11-27,1
"544",1089,"Los Angeles Lakers",23,"Mon Dec 5 2016","vs","Utah Jazz","L",NA,101,107,10,13,"L 3",2016-12-05,0
"545",1091,"Los Angeles Lakers",25,"Fri Dec 9 2016","vs","Phoenix Suns","L",NA,115,119,10,15,"L 5",2016-12-09,0
"546",1092,"Los Angeles Lakers",26,"Sun Dec 11 2016","vs","New York Knicks","L",NA,112,118,10,16,"L 6",2016-12-11,0
"547",1100,"Los Angeles Lakers",34,"Sun Dec 25 2016","vs","Los Angeles Clippers","W",NA,111,102,12,22,"W 1",2016-12-25,1
"548",1101,"Los Angeles Lakers",35,"Tue Dec 27 2016","vs","Utah Jazz","L",NA,100,102,12,23,"L 1",2016-12-27,0
"549",1102,"Los Angeles Lakers",36,"Thu Dec 29 2016","vs","Dallas Mavericks","L",NA,89,101,12,24,"L 2",2016-12-29,0
"550",1103,"Los Angeles Lakers",37,"Sun Jan 1 2017","vs","Toronto Raptors","L",NA,114,123,12,25,"L 3",2017-01-01,0
"551",1104,"Los Angeles Lakers",38,"Tue Jan 3 2017","vs","Memphis Grizzlies","W",NA,116,102,13,25,"W 1",2017-01-03,1
"552",1106,"Los Angeles Lakers",40,"Fri Jan 6 2017","vs","Miami Heat","W",NA,127,100,14,26,"W 1",2017-01-06,1
"553",1107,"Los Angeles Lakers",41,"Sun Jan 8 2017","vs","Orlando Magic","W",NA,111,95,15,26,"W 2",2017-01-08,1
"554",1108,"Los Angeles Lakers",42,"Tue Jan 10 2017","vs","Portland Trail Blazers","L",NA,87,108,15,27,"L 1",2017-01-10,0
"555",1111,"Los Angeles Lakers",45,"Sun Jan 15 2017","vs","Detroit Pistons","L",NA,97,102,15,30,"L 4",2017-01-15,0
"556",1112,"Los Angeles Lakers",46,"Tue Jan 17 2017","vs","Denver Nuggets","L",NA,121,127,15,31,"L 5",2017-01-17,0
"557",1113,"Los Angeles Lakers",47,"Fri Jan 20 2017","vs","Indiana Pacers","W",NA,108,95,16,31,"W 1",2017-01-20,1
"558",1117,"Los Angeles Lakers",51,"Tue Jan 31 2017","vs","Denver Nuggets","W",NA,120,116,17,34,"W 1",2017-01-31,1
"559",1123,"Los Angeles Lakers",57,"Tue Feb 14 2017","vs","Sacramento Kings","L",NA,96,97,19,38,"L 1",2017-02-14,0
"560",1126,"Los Angeles Lakers",60,"Sun Feb 26 2017","vs","San Antonio Spurs","L",NA,98,119,19,41,"L 4",2017-02-26,0
"561",1127,"Los Angeles Lakers",61,"Tue Feb 28 2017","vs","Charlotte Hornets","L",NA,104,109,19,42,"L 5",2017-02-28,0
"562",1128,"Los Angeles Lakers",62,"Fri Mar 3 2017","vs","Boston Celtics","L",NA,95,115,19,43,"L 6",2017-03-03,0
"563",1129,"Los Angeles Lakers",63,"Sun Mar 5 2017","vs","New Orleans Pelicans","L",NA,97,105,19,44,"L 7",2017-03-05,0
"564",1132,"Los Angeles Lakers",66,"Sun Mar 12 2017","vs","Philadelphia 76ers","L",NA,116,118,20,46,"L 1",2017-03-12,0
"565",1135,"Los Angeles Lakers",69,"Fri Mar 17 2017","vs","Milwaukee Bucks","L",NA,103,107,20,49,"L 4",2017-03-17,0
"566",1136,"Los Angeles Lakers",70,"Sun Mar 19 2017","vs","Cleveland Cavaliers","L",NA,120,125,20,50,"L 5",2017-03-19,0
"567",1137,"Los Angeles Lakers",71,"Tue Mar 21 2017","vs","Los Angeles Clippers","L",NA,109,133,20,51,"L 6",2017-03-21,0
"568",1138,"Los Angeles Lakers",72,"Fri Mar 24 2017","vs","Minnesota Timberwolves","W","OT",130,119,21,51,"W 1",2017-03-24,1
"569",1139,"Los Angeles Lakers",73,"Sun Mar 26 2017","vs","Portland Trail Blazers","L",NA,81,97,21,52,"L 1",2017-03-26,0
"570",1140,"Los Angeles Lakers",74,"Tue Mar 28 2017","vs","Washington Wizards","L",NA,108,119,21,53,"L 2",2017-03-28,0
"571",1143,"Los Angeles Lakers",77,"Sun Apr 2 2017","vs","Memphis Grizzlies","W",NA,108,103,22,55,"W 1",2017-04-02,1
"572",1145,"Los Angeles Lakers",79,"Fri Apr 7 2017","vs","Sacramento Kings","W",NA,98,94,24,55,"W 3",2017-04-07,1
"573",1146,"Los Angeles Lakers",80,"Sun Apr 9 2017","vs","Minnesota Timberwolves","W",NA,110,109,25,55,"W 4",2017-04-09,1
"574",1147,"Los Angeles Lakers",81,"Tue Apr 11 2017","vs","New Orleans Pelicans","W",NA,108,96,26,55,"W 5",2017-04-11,1
"575",1149,"Phoenix Suns",1,"Wed Oct 26 2016","vs","Sacramento Kings","L",NA,94,113,0,1,"L 1",2016-10-26,0
"576",1151,"Phoenix Suns",3,"Sun Oct 30 2016","vs","Golden State Warriors","L",NA,100,106,0,3,"L 3",2016-10-30,0
"577",1153,"Phoenix Suns",5,"Wed Nov 2 2016","vs","Portland Trail Blazers","W","OT",118,115,1,4,"W 1",2016-11-02,1
"578",1157,"Phoenix Suns",9,"Wed Nov 9 2016","vs","Detroit Pistons","W",NA,107,100,3,6,"W 1",2016-11-09,1
"579",1158,"Phoenix Suns",10,"Sat Nov 12 2016","vs","Brooklyn Nets","L",NA,104,122,3,7,"L 1",2016-11-12,0
"580",1165,"Phoenix Suns",17,"Fri Nov 25 2016","vs","Minnesota Timberwolves","L",NA,85,98,5,12,"L 1",2016-11-25,0
"581",1166,"Phoenix Suns",18,"Sun Nov 27 2016","vs","Denver Nuggets","L",NA,114,120,5,13,"L 2",2016-11-27,0
"582",1167,"Phoenix Suns",19,"Wed Nov 30 2016","vs","Atlanta Hawks","W",NA,109,107,6,13,"W 1",2016-11-30,1
"583",1170,"Phoenix Suns",22,"Wed Dec 7 2016","vs","Indiana Pacers","L",NA,94,109,6,16,"L 3",2016-12-07,0
"584",1172,"Phoenix Suns",24,"Sun Dec 11 2016","vs","New Orleans Pelicans","L","OT",119,120,7,17,"L 1",2016-12-11,0
"585",1173,"Phoenix Suns",25,"Tue Dec 13 2016","vs","New York Knicks","W","OT",113,111,8,17,"W 1",2016-12-13,1
"586",1174,"Phoenix Suns",26,"Thu Dec 15 2016","vs","San Antonio Spurs","L",NA,92,107,8,18,"L 1",2016-12-15,0
"587",1177,"Phoenix Suns",29,"Wed Dec 21 2016","vs","Houston Rockets","L",NA,111,125,8,21,"L 4",2016-12-21,0
"588",1178,"Phoenix Suns",30,"Fri Dec 23 2016","vs","Philadelphia 76ers","W",NA,123,116,9,21,"W 1",2016-12-23,1
"589",1181,"Phoenix Suns",33,"Thu Dec 29 2016","vs","Toronto Raptors","W",NA,99,91,10,23,"W 1",2016-12-29,1
"590",1184,"Phoenix Suns",36,"Tue Jan 3 2017","vs","Miami Heat","W",NA,99,90,11,25,"W 1",2017-01-03,1
"591",1186,"Phoenix Suns",38,"Sun Jan 8 2017","vs","Cleveland Cavaliers","L",NA,116,120,12,26,"L 1",2017-01-08,0
"592",1187,"Phoenix Suns",39,"Thu Jan 12 2017","vs","Dallas Mavericks","L",NA,108,113,12,27,"L 2",2017-01-12,0
"593",1188,"Phoenix Suns",40,"Sat Jan 14 2017","vs","San Antonio Spurs","W",NA,108,105,13,27,"W 1",2017-01-14,1
"594",1189,"Phoenix Suns",41,"Mon Jan 16 2017","vs","Utah Jazz","L",NA,101,106,13,28,"L 1",2017-01-16,0
"595",1193,"Phoenix Suns",45,"Tue Jan 24 2017","vs","Minnesota Timberwolves","L",NA,111,112,15,30,"L 1",2017-01-24,0
"596",1195,"Phoenix Suns",47,"Sat Jan 28 2017","vs","Denver Nuggets","L",NA,112,123,15,32,"L 3",2017-01-28,0
"597",1196,"Phoenix Suns",48,"Mon Jan 30 2017","vs","Memphis Grizzlies","L",NA,96,115,15,33,"L 4",2017-01-30,0
"598",1197,"Phoenix Suns",49,"Wed Feb 1 2017","vs","Los Angeles Clippers","L",NA,114,124,15,34,"L 5",2017-02-01,0
"599",1199,"Phoenix Suns",51,"Sat Feb 4 2017","vs","Milwaukee Bucks","L",NA,112,137,16,35,"L 1",2017-02-04,0
"600",1202,"Phoenix Suns",54,"Fri Feb 10 2017","vs","Chicago Bulls","W",NA,115,97,17,37,"W 1",2017-02-10,1
"601",1204,"Phoenix Suns",56,"Mon Feb 13 2017","vs","New Orleans Pelicans","L",NA,108,110,17,39,"L 2",2017-02-13,0
"602",1205,"Phoenix Suns",57,"Wed Feb 15 2017","vs","Los Angeles Lakers","W",NA,137,101,18,39,"W 1",2017-02-15,1
"603",1209,"Phoenix Suns",61,"Thu Mar 2 2017","vs","Charlotte Hornets","W",NA,120,103,19,42,"W 1",2017-03-02,1
"604",1210,"Phoenix Suns",62,"Fri Mar 3 2017","vs","Oklahoma City Thunder","W",NA,118,111,20,42,"W 2",2017-03-03,1
"605",1211,"Phoenix Suns",63,"Sun Mar 5 2017","vs","Boston Celtics","W",NA,109,106,21,42,"W 3",2017-03-05,1
"606",1212,"Phoenix Suns",64,"Tue Mar 7 2017","vs","Washington Wizards","L",NA,127,131,21,43,"L 1",2017-03-07,0
"607",1213,"Phoenix Suns",65,"Thu Mar 9 2017","vs","Los Angeles Lakers","L",NA,110,122,21,44,"L 2",2017-03-09,0
"608",1215,"Phoenix Suns",67,"Sun Mar 12 2017","vs","Portland Trail Blazers","L",NA,101,110,22,45,"L 1",2017-03-12,0
"609",1216,"Phoenix Suns",68,"Wed Mar 15 2017","vs","Sacramento Kings","L",NA,101,107,22,46,"L 2",2017-03-15,0
"610",1217,"Phoenix Suns",69,"Fri Mar 17 2017","vs","Orlando Magic","L",NA,103,109,22,47,"L 3",2017-03-17,0
"611",1224,"Phoenix Suns",76,"Thu Mar 30 2017","vs","Los Angeles Clippers","L",NA,118,124,22,54,"L 10",2017-03-30,0
"612",1226,"Phoenix Suns",78,"Sun Apr 2 2017","vs","Houston Rockets","L",NA,116,123,22,56,"L 12",2017-04-02,0
"613",1227,"Phoenix Suns",79,"Wed Apr 5 2017","vs","Golden State Warriors","L",NA,111,120,22,57,"L 13",2017-04-05,0
"614",1228,"Phoenix Suns",80,"Fri Apr 7 2017","vs","Oklahoma City Thunder","W",NA,120,99,23,57,"W 1",2017-04-07,1
"615",1229,"Phoenix Suns",81,"Sun Apr 9 2017","vs","Dallas Mavericks","W",NA,124,111,24,57,"W 2",2017-04-09,1
